email,date_of_birth,mobile_no,first_name,last_name,above_18,membership_id
William_Dixon@woodward-fuller.biz,19860110,40601711,William,Dixon,True,Dixon_3864b
Patty_Smith@ross.com,19750827,59428759,Patty,Smith,True,Smith_c7677
Kayla_Shannon@hendricks-hunter.org,19840517,51323743,Kayla,Shannon,True,Shannon_dd402
Sean_Wang@gibson-calderon.com,19600311,25595367,Sean,Wang,True,Wang_04168
Richard_Estrada@malone.com,19921015,22821527,Richard,Estrada,True,Estrada_0bf5b
Jackson_Cline@hudson.net,19710121,48056519,Jackson,Cline,True,Cline_825fb
Allen_Williams@sanchez.net,19971109,77991519,Allen,Williams,True,Williams_3e726
Eric_Flores@dillon-patterson.com,19820107,36641663,Eric,Flores,True,Flores_f6828
Anna_Richardson@perry.com,19670223,64083047,Anna,Richardson,True,Richardson_ef158
Bobby_Ward@bailey-taylor.org,19641006,64672783,Bobby,Ward,True,Ward_e1acd
Taylor_Gomez@johnston.com,19821022,24007567,Taylor,Gomez,True,Gomez_876bf
Jeremy_Rodriguez@roth.com,19780828,32567967,Jeremy,Rodriguez,True,Rodriguez_93ac7
April_Garcia@hall.com,19871231,24650447,April,Garcia,True,Garcia_26b55
Sharon_Garza@duran.com,20020830,59411567,Sharon,Garza,True,Garza_40199
Lori_Sanchez@hardin-warner.net,19980420,76989167,Lori,Sanchez,True,Sanchez_364a7
Jason_Armstrong@curtis.com,19921116,68514503,Jason,Armstrong,True,Armstrong_e2fb8
Jessica_Allison@harper.com,19721030,66821135,Jessica,Allison,True,Allison_0c21b
Arthur_Hall@gonzalez.com,19940311,65493407,Arthur,Hall,True,Hall_5eccd
Sherry_Meza@west.com,19970409,33491119,Sherry,Meza,True,Meza_5bcfa
James_Johnston@fox-brandt.org,19681016,52358919,James,Johnston,True,Johnston_cda33
Matthew_Turner@martinez.com,19940707,73291455,Matthew,Turner,True,Turner_0303a
Sophia_Randolph@leonard-ramirez.com,19500807,94510479,Sophia,Randolph,True,Randolph_76c7a
Samuel_Thompson@sanchez-carroll.com,19840304,99063183,Samuel,Thompson,True,Thompson_8382b
Zachary_Lee@smith.com,19870704,36447751,Zachary,Lee,True,Lee_76cce
Kara_Pittman@gomez-vaughn.com,19680525,80502567,Kara,Pittman,True,Pittman_44c4d
James_Smith@perez-cole.info,19660225,85794215,James,Smith,True,Smith_0547b
Randy_Mora@herrera-strong.biz,19931127,77326903,Randy,Mora,True,Mora_4517e
Jacqueline_Williams@bell-salas.biz,19910810,48250447,Jacqueline,Williams,True,Williams_74173
Gabriella_Anthony@castro.com,19970106,89108943,Gabriella,Anthony,True,Anthony_ebd30
Elizabeth_Moore@kelley.biz,19750524,92096903,Elizabeth,Moore,True,Moore_75830
Misty_Cantrell@flores-decker.com,19570303,79619831,Misty,Cantrell,True,Cantrell_b19eb
Kelly_Guerrero@riggs.com,19970203,53052583,Kelly,Guerrero,True,Guerrero_d55cb
David_Nichols@rocha.com,19620819,62269575,David,Nichols,True,Nichols_9226a
Shawn_Galloway@johnston.com,19850419,17471367,Shawn,Galloway,True,Galloway_1a4d2
Dennis_Sanford@lopez-archer.com,19800806,88084407,Dennis,Sanford,True,Sanford_c7e24
Leah_Myers@nichols-davies.info,19860905,65720823,Leah,Myers,True,Myers_1ef89
Amanda_Murphy@bright-gibbs.net,20000730,30501351,Amanda,Murphy,True,Murphy_0851c
Bobby_Martin@jackson.com,20000331,43871143,Bobby,Martin,True,Martin_35f44
Daniel_Miller@jackson.info,20000119,86343895,Daniel,Miller,True,Miller_da4de
Vernon_Bishop@clark-larson.com,19730710,78396487,Vernon,Bishop,True,Bishop_b0506
Phillip_Meyers@mcneil-williams.com,19601022,95409119,Phillip,Meyers,True,Meyers_2871d
Nicholas_Hubbard@day.info,19641224,36966279,Nicholas,Hubbard,True,Hubbard_944d1
Amanda_Richards@ramirez.biz,19701223,32284303,Amanda,Richards,True,Richards_7ee56
Whitney_Wallace@valdez.info,19780930,97125103,Whitney,Wallace,True,Wallace_72049
Robert_Martin@crawford.com,19500718,78547615,Robert,Martin,True,Martin_6f48d
William_Taylor@warner-morgan.net,19860131,42996791,William,Taylor,True,Taylor_4fbc5
Michael_Brady@wells-sanders.com,19500323,65342263,Michael,Brady,True,Brady_bd431
James_Rhodes@green.com,19771010,27465295,James,Rhodes,True,Rhodes_df266
Ryan_Ramirez@pham.com,19850425,67907071,Ryan,Ramirez,True,Ramirez_5ff32
Edward_Burns@graham.org,19510618,68976471,Edward,Burns,True,Burns_7f892
Stephen_Thompson@hess.com,19511112,75033031,Stephen,Thompson,True,Thompson_52cd0
Allen_Rogers@lewis.org,19610305,88834151,Allen,Rogers,True,Rogers_1cfad
Susan_Williams@rowland.com,19761205,95688383,Susan,Williams,True,Williams_3b0d4
James_Mays@daniel.biz,19691013,56033271,James,Mays,True,Mays_1c3c6
Michelle_Johnson@smith.org,19670820,94747727,Michelle,Johnson,True,Johnson_d9799
Dylan_Johnson@montgomery.com,19960107,52048815,Dylan,Johnson,True,Johnson_d53b7
Pamela_King@soto.net,19930929,72515095,Pamela,King,True,King_01148
Robert_Smith@joyce.com,19870424,76366335,Robert,Smith,True,Smith_634dd
Samantha_Gonzalez@rios-fletcher.com,19980829,40456647,Samantha,Gonzalez,True,Gonzalez_31e9a
Adam_Huang@brown.info,19991030,19505759,Adam,Huang,True,Huang_a78d0
Michael_Johnson@smith.biz,19950423,50520919,Michael,Johnson,True,Johnson_b6641
Jeffery_Walker@watson.com,19560624,46574799,Jeffery,Walker,True,Walker_ba5b7
Todd_Alvarez@vaughn.com,19741125,42011263,Todd,Alvarez,True,Alvarez_7bc5d
John_Henry@blake.info,19670306,49860879,John,Henry,True,Henry_064f4
Brett_Willis@gibbs.com,19610908,86342007,Brett,Willis,True,Willis_d0046
Kristin_Wilkins@harvey.com,20020511,84393855,Kristin,Wilkins,True,Wilkins_48a0a
Joshua_Lynch@daniels.com,19650526,71572839,Joshua,Lynch,True,Lynch_49515
Deborah_Williams@howard.com,19841121,11357647,Deborah,Williams,True,Williams_e69d3
Timothy_Martin@camacho-sparks.net,20030501,92008191,Timothy,Martin,True,Martin_6cf84
Brandon_Marshall@thompson.org,19860415,12250471,Brandon,Marshall,True,Marshall_1f412
Sarah_Bright@winters.com,19981115,24327743,Sarah,Bright,True,Bright_776f9
Rebecca_Anderson@carter-ramirez.com,19730827,27023231,Rebecca,Anderson,True,Anderson_48071
Roger_Frost@cole-robinson.com,19700217,94120431,Roger,Frost,True,Frost_5ba4a
Eric_Dunn@reese.com,19601207,13714207,Eric,Dunn,True,Dunn_84e93
Heather_Pierce@williams-edwards.com,19570813,32413999,Heather,Pierce,True,Pierce_1096d
Jordan_Erickson@martinez.com,19750802,64756655,Jordan,Erickson,True,Erickson_6b984
James_Johnson@greene.biz,20021216,21476871,James,Johnson,True,Johnson_1f4ed
Kendra_Dawson@hernandez.biz,19510407,82622519,Kendra,Dawson,True,Dawson_b5c48
Susan_Ali@leach.com,19990105,74229143,Susan,Ali,True,Ali_f361f
Thomas_Anderson@perez.biz,19840307,75106319,Thomas,Anderson,True,Anderson_2af78
Richard_Wilson@hernandez.com,19990703,36349175,Richard,Wilson,True,Wilson_f0626
Jon_Butler@blackwell.com,19870318,78121695,Jon,Butler,True,Butler_a60e8
Rose_Stanton@coleman.info,19650830,19285375,Rose,Stanton,True,Stanton_2eff0
Paul_Phillips@vance.com,19970216,11213063,Paul,Phillips,True,Phillips_01acd
Adam_Parker@yoder.com,19980722,27783391,Adam,Parker,True,Parker_5ebc0
Cory_Walker@torres.net,19621208,37614935,Cory,Walker,True,Walker_a21be
Rebecca_Thompson@ferrell.biz,19980720,98761031,Rebecca,Thompson,True,Thompson_840d4
Jessica_Moore@mooney.biz,19610212,43701951,Jessica,Moore,True,Moore_2fe38
Jeffrey_Sanchez@jones-butler.com,19950914,73226919,Jeffrey,Sanchez,True,Sanchez_cf3c9
Bianca_Martin@mitchell.com,19780205,86924127,Bianca,Martin,True,Martin_7bf56
Jeffrey_King@hicks-boyd.com,19770623,68622991,Jeffrey,King,True,King_2f8a4
Levi_Vaughn@mason.biz,19531124,20939863,Levi,Vaughn,True,Vaughn_1892c
George_Stark@ortiz.info,19700414,45068735,George,Stark,True,Stark_9f140
Melanie_Wiggins@mcdonald-rice.com,20000214,91699615,Melanie,Wiggins,True,Wiggins_c46e0
Daniel_Smith@cummings.com,19860308,26613823,Daniel,Smith,True,Smith_e0b77
April_Taylor@johnson-hayes.biz,19550314,27461167,April,Taylor,True,Taylor_be631
Scott_Lawrence@aguilar.com,19760104,59217375,Scott,Lawrence,True,Lawrence_fbccd
James_Sosa@robles-hawkins.com,19570811,47053447,James,Sosa,True,Sosa_84005
Jamie_Jackson@carr.com,19770526,71512687,Jamie,Jackson,True,Jackson_b5943
Roberto_Sparks@pope.biz,19790706,88401951,Roberto,Sparks,True,Sparks_e463f
Jeffrey_Hatfield@morgan-erickson.com,19701014,69441735,Jeffrey,Hatfield,True,Hatfield_bf691
James_Phillips@green-taylor.com,19611019,89808183,James,Phillips,True,Phillips_c68d2
Jessica_Moore@harrison-bautista.com,19990905,27155335,Jessica,Moore,True,Moore_555b6
Richard_Anderson@peck-franklin.com,19700405,24730327,Richard,Anderson,True,Anderson_6c12a
Lauren_Hahn@simmons.com,19720620,15132727,Lauren,Hahn,True,Hahn_38908
Matthew_Lucero@bowers-pham.info,19900508,52221639,Matthew,Lucero,True,Lucero_75b53
Faith_Edwards@price.net,19770726,44653063,Faith,Edwards,True,Edwards_96edd
Laura_Vargas@gallagher-young.com,19770910,40816943,Laura,Vargas,True,Vargas_b176f
Sarah_Lewis@wyatt.com,19810225,37945839,Sarah,Lewis,True,Lewis_f236b
Brad_Huff@moore.com,19611227,28207575,Brad,Huff,True,Huff_88806
Alexander_Richardson@perez.com,19581025,34675335,Alexander,Richardson,True,Richardson_e102e
Matthew_Moore@nichols.com,20030707,66391671,Matthew,Moore,True,Moore_4788f
Kerry_Branch@mays.biz,19740423,66079175,Kerry,Branch,True,Branch_2243b
Joseph_Howard@williams.com,19520726,46746383,Joseph,Howard,True,Howard_99bdb
Anne_Richards@mccarthy.com,19690609,84963423,Anne,Richards,True,Richards_e1b0f
Derek_Thomas@green.com,19640724,37329863,Derek,Thomas,True,Thomas_a6b2a
Joseph_Bonilla@freeman.com,19740508,66912183,Joseph,Bonilla,True,Bonilla_07c60
Gary_Barber@roberts.net,19551112,44790343,Gary,Barber,True,Barber_8e448
Brian_Johnson@carr.com,19810617,76631695,Brian,Johnson,True,Johnson_01409
Christine_Peterson@hamilton.com,19741119,57627175,Christine,Peterson,True,Peterson_d3043
Christopher_Bautista@rodgers.com,19940212,48834663,Christopher,Bautista,True,Bautista_06ca7
Randy_Rodriguez@lopez.org,19811019,80174711,Randy,Rodriguez,True,Rodriguez_8b26a
Barbara_Krueger@strong.com,19520322,30905343,Barbara,Krueger,True,Krueger_f41b0
Brian_Curtis@higgins.biz,19661020,55737919,Brian,Curtis,True,Curtis_746fa
Brian_Brown@anderson.org,19541009,98374567,Brian,Brown,True,Brown_43bdb
Monica_Oconnor@gordon.com,19800107,97887295,Monica,Oconnor,True,Oconnor_5d9be
Peggy_Johnson@berg.com,19720328,34795631,Peggy,Johnson,True,Johnson_317e0
Susan_Herrera@gomez.com,19550826,24027735,Susan,Herrera,True,Herrera_2275e
Andrew_Matthews@ramos-vaughn.com,19880219,90821359,Andrew,Matthews,True,Matthews_33105
Erin_Kennedy@hendricks-mason.com,19650109,35865639,Erin,Kennedy,True,Kennedy_e1e07
Jason_Lopez@wood-hill.com,19740830,11287127,Jason,Lopez,True,Lopez_ad64b
Jerry_Clark@perez.com,19950928,46859655,Jerry,Clark,True,Clark_850e2
Alyssa_Kim@beck-zuniga.com,19901108,59732335,Alyssa,Kim,True,Kim_61638
Courtney_Williams@garner.com,19990919,27598999,Courtney,Williams,True,Williams_225d6
Adrian_Price@soto-diaz.biz,19710616,73308247,Adrian,Price,True,Price_6f0f0
Brooke_Johnson@tyler.org,19910415,55029023,Brooke,Johnson,True,Johnson_89a0e
Melissa_Wood@sharp.info,19720205,76325591,Melissa,Wood,True,Wood_911d3
Matthew_Nelson@hunt.com,19580127,45515247,Matthew,Nelson,True,Nelson_49b51
Michael_Murphy@warren.biz,19780508,97486607,Michael,Murphy,True,Murphy_49efc
Robert_Moore@young.com,19550415,19512199,Robert,Moore,True,Moore_bd6b1
Kelly_Rogers@carr.info,19940920,47022791,Kelly,Rogers,True,Rogers_59ca9
Nicole_Mcgee@reyes.com,19590303,34539135,Nicole,Mcgee,True,Mcgee_84007
Danielle_Hunter@ballard.com,19710811,99947039,Danielle,Hunter,True,Hunter_c76d0
Kelly_Perez@ward-wilson.com,19600519,60614735,Kelly,Perez,True,Perez_016c7
Mary_Odom@morgan-reynolds.com,19630813,98738367,Mary,Odom,True,Odom_e8796
Stacy_Hansen@braun.biz,19810615,59308935,Stacy,Hansen,True,Hansen_88a2e
Arthur_Gibson@thompson-thompson.com,19610306,75411807,Arthur,Gibson,True,Gibson_7ade8
Tina_Fitzpatrick@marshall-howard.org,19520205,11883967,Tina,Fitzpatrick,True,Fitzpatrick_f3a7d
Andrea_Page@murphy-nelson.info,19720326,59221239,Andrea,Page,True,Page_d8da3
Nathan_Nielsen@smith-coleman.info,19570325,22721639,Nathan,Nielsen,True,Nielsen_d8b9d
Christopher_Miller@kelly.com,19850131,16222031,Christopher,Miller,True,Miller_5a80b
Charles_Mendoza@watts.org,19521109,56858727,Charles,Mendoza,True,Mendoza_5a25d
Amber_Hopkins@hall.com,19750831,15289039,Amber,Hopkins,True,Hopkins_7c2f6
Nancy_Garcia@lewis-hayden.com,19680305,62971303,Nancy,Garcia,True,Garcia_76b84
Alex_Rhodes@russell.net,19780913,75808519,Alex,Rhodes,True,Rhodes_a5121
Daniel_Bennett@stephens-oneill.com,19730228,20776023,Daniel,Bennett,True,Bennett_1ed65
Kevin_Woodard@lynch.com,19550809,30319911,Kevin,Woodard,True,Woodard_0dee6
Alan_Peterson@burch.com,19760129,88993663,Alan,Peterson,True,Peterson_9e709
Jacob_Grant@cummings.com,19911204,94196575,Jacob,Grant,True,Grant_46694
Gabrielle_Johnson@serrano.com,19580610,35424207,Gabrielle,Johnson,True,Johnson_aa25e
Caleb_Morales@collins.com,19660329,69459679,Caleb,Morales,True,Morales_0598c
James_Dominguez@black.com,19881205,49527207,James,Dominguez,True,Dominguez_e2663
Kathryn_Cardenas@skinner.com,19830508,81016239,Kathryn,Cardenas,True,Cardenas_35ae4
Angel_Johnson@anderson.info,19571128,12270279,Angel,Johnson,True,Johnson_9934c
Jeffrey_Santiago@duncan.com,19750228,93827623,Jeffrey,Santiago,True,Santiago_5cbec
Andrew_Mclaughlin@fitzpatrick-lucas.com,19730514,66417719,Andrew,Mclaughlin,True,Mclaughlin_b2423
Bryan_Porter@elliott.com,19570214,88089671,Bryan,Porter,True,Porter_e9e42
Brendan_Smith@williams.com,19580516,67839775,Brendan,Smith,True,Smith_750a9
Paul_Allen@jacobs-walker.info,19681110,44110375,Paul,Allen,True,Allen_ff1d3
Adam_Morales@simpson-velazquez.info,19910404,12197423,Adam,Morales,True,Morales_7969b
Jeffrey_Hernandez@mcdaniel.com,19891231,76263607,Jeffrey,Hernandez,True,Hernandez_f3251
Michael_Miller@taylor-moore.com,19640520,17581687,Michael,Miller,True,Miller_375ad
Theresa_Newman@perry-scott.com,19941129,36575799,Theresa,Newman,True,Newman_069d1
Michael_Brady@miller.biz,19830113,56592895,Michael,Brady,True,Brady_998fd
Paul_Romero@middleton-jones.com,19601007,98843943,Paul,Romero,True,Romero_7ffde
Janet_Choi@neal.com,19860718,66675695,Janet,Choi,True,Choi_e37de
Mark_Bender@oneal-wilkins.com,19690911,27354911,Mark,Bender,True,Bender_b8ade
Abigail_Brown@jones-underwood.com,19800810,15726143,Abigail,Brown,True,Brown_7bef7
Brian_Pham@allen.info,19860127,35052023,Brian,Pham,True,Pham_361af
Timothy_Nguyen@johnson-jacobs.biz,20011129,68379127,Timothy,Nguyen,True,Nguyen_d1479
Antonio_Dominguez@nichols.com,19801115,75861007,Antonio,Dominguez,True,Dominguez_821d7
Tony_Morris@davis.com,19700805,33280551,Tony,Morris,True,Morris_1057d
Randy_Carlson@rivera.com,19550530,51211679,Randy,Carlson,True,Carlson_d8db2
Mitchell_Pierce@houston-conway.net,20010824,96845551,Mitchell,Pierce,True,Pierce_7e42c
Angela_West@anderson-fitzgerald.com,19810427,59397207,Angela,West,True,West_0afba
Tina_Weaver@hoffman-clarke.info,19870325,47969919,Tina,Weaver,True,Weaver_0a95d
Kevin_Peters@edwards.com,19670602,28855487,Kevin,Peters,True,Peters_4b936
Benjamin_Conway@burton-paul.com,19551228,23338319,Benjamin,Conway,True,Conway_b14b9
Andrew_Stewart@wong.com,19511202,19799879,Andrew,Stewart,True,Stewart_c3765
Brenda_Jones@lang.com,19550804,62608823,Brenda,Jones,True,Jones_e27fe
Shane_Bradley@pratt-roberts.info,19760510,32566207,Shane,Bradley,True,Bradley_00d03
Elizabeth_Bailey@stephenson-arnold.com,19630101,20218071,Elizabeth,Bailey,True,Bailey_5c8a5
Kelly_Levy@barajas.com,19940805,74468255,Kelly,Levy,True,Levy_1b739
Thomas_Burton@dunn-avery.net,19750419,14613071,Thomas,Burton,True,Burton_e624b
Amber_Sims@murphy.biz,19730327,43947559,Amber,Sims,True,Sims_d2fec
Paul_Peterson@bullock.com,20021225,59148863,Paul,Peterson,True,Peterson_c41f4
Tiffany_Carrillo@hoover-brown.org,19930516,72843351,Tiffany,Carrillo,True,Carrillo_20b27
Donna_Lewis@myers-dominguez.org,19800422,86779671,Donna,Lewis,True,Lewis_febfd
Douglas_Morgan@fritz-duncan.biz,19520320,51636655,Douglas,Morgan,True,Morgan_f8970
Devon_Roberts@lewis.biz,20031030,81450999,Devon,Roberts,True,Roberts_85b61
Michael_Reilly@cooper.net,19720514,33876967,Michael,Reilly,True,Reilly_1c829
Alejandra_Martinez@jones.com,19791221,87381327,Alejandra,Martinez,True,Martinez_d6f6b
Timothy_Sanders@harrell.com,19521003,63453583,Timothy,Sanders,True,Sanders_e813f
Latoya_Little@martinez.com,19780708,43404335,Latoya,Little,True,Little_9b0c8
Sarah_Harvey@martin-smith.com,19600331,58520471,Sarah,Harvey,True,Harvey_119d2
Melissa_Ortiz@lee-malone.com,19580729,49637727,Melissa,Ortiz,True,Ortiz_84be0
Brooke_Hernandez@benitez.com,19911114,97309975,Brooke,Hernandez,True,Hernandez_bcb5b
Lisa_Livingston@glover.com,19500423,20519415,Lisa,Livingston,True,Livingston_19295
Eugene_Mason@gardner.com,19781213,47810855,Eugene,Mason,True,Mason_6bc9b
Daniel_Cunningham@cooper.com,19730326,78657983,Daniel,Cunningham,True,Cunningham_12799
Victor_Marsh@smith-olson.org,19710908,52026823,Victor,Marsh,True,Marsh_fea35
Alex_Smith@johnson.com,20020503,58965703,Alex,Smith,True,Smith_894dd
Jessica_Vargas@miller-price.net,19810517,48925903,Jessica,Vargas,True,Vargas_ed53f
Olivia_Clark@wade-roberson.com,19741001,67793735,Olivia,Clark,True,Clark_92a9e
Benjamin_Griffin@brown.org,19620129,17280391,Benjamin,Griffin,True,Griffin_edc21
Cathy_Carney@williams.net,19970522,31104151,Cathy,Carney,True,Carney_0d73a
Haley_Baldwin@bush-wolfe.com,19650413,31940631,Haley,Baldwin,True,Baldwin_b3439
Alexander_Wilson@barron-garcia.com,19881111,13893319,Alexander,Wilson,True,Wilson_51998
April_Cole@vargas.com,19610622,65186503,April,Cole,True,Cole_2b0a2
Holly_Riley@stokes.com,19740728,55620431,Holly,Riley,True,Riley_3e1f8
Jeffrey_Poole@cross.com,19570204,82077439,Jeffrey,Poole,True,Poole_23f28
Rachel_Poole@jones.net,19760807,35095087,Rachel,Poole,True,Poole_46b07
Sheena_Ward@wilson-mcbride.com,19730926,96834175,Sheena,Ward,True,Ward_57d0c
Cynthia_Smith@smith.com,19510509,48760255,Cynthia,Smith,True,Smith_8477e
James_Davidson@brown.info,19551214,67973167,James,Davidson,True,Davidson_6ca42
Kevin_Clayton@miller.com,19750807,25081071,Kevin,Clayton,True,Clayton_6ad7d
Sarah_Coleman@novak.com,19500119,37411775,Sarah,Coleman,True,Coleman_db259
Cody_Becker@hansen.com,19601216,76003567,Cody,Becker,True,Becker_dd317
Molly_Miller@king-kelly.net,19770511,99947663,Molly,Miller,True,Miller_d8bf5
Craig_Bailey@hancock-brown.com,19970713,33032303,Craig,Bailey,True,Bailey_fac5d
Patricia_Gray@dawson.com,19660319,18281751,Patricia,Gray,True,Gray_00c0a
Thomas_Nelson@brandt.info,19931002,12978607,Thomas,Nelson,True,Nelson_148bf
Robert_Rivera@gibson.com,19500722,35020847,Robert,Rivera,True,Rivera_6a7ce
Michelle_Lewis@wiggins-thornton.com,19830121,64700455,Michelle,Lewis,True,Lewis_afe1c
John_Owens@callahan.com,19670424,71230983,John,Owens,True,Owens_4cd37
Sarah_Smith@kirk.com,19680804,22702359,Sarah,Smith,True,Smith_313dd
Nancy_Lucas@aguilar.com,19830607,91477863,Nancy,Lucas,True,Lucas_b2c40
Thomas_Horne@floyd.info,19710718,82457007,Thomas,Horne,True,Horne_46f11
Cathy_Todd@acevedo.biz,19640421,74009191,Cathy,Todd,True,Todd_ff585
Vicki_Harmon@fry.org,19880902,20227951,Vicki,Harmon,True,Harmon_dff18
Christina_Murray@collins-day.com,19791217,35027583,Christina,Murray,True,Murray_a46c7
Emma_Berry@charles.com,19940107,34612959,Emma,Berry,True,Berry_c02ad
Christopher_Gross@grimes.net,20031114,49217831,Christopher,Gross,True,Gross_2742d
Jason_Hawkins@adams-hunter.com,19541001,31750255,Jason,Hawkins,True,Hawkins_8aa4f
Jeffrey_Rodriguez@johnson-white.com,19690718,29947599,Jeffrey,Rodriguez,True,Rodriguez_84bf3
Joseph_Bond@may.biz,19610827,58099375,Joseph,Bond,True,Bond_f22b0
Christina_Miller@marshall-lucas.com,19530425,92153503,Christina,Miller,True,Miller_84bb3
Joann_Patel@king.info,20031113,83570903,Joann,Patel,True,Patel_929da
Donna_Harris@walter.biz,20030614,54582023,Donna,Harris,True,Harris_0bec1
Lori_Morales@snow-boyd.biz,19701012,46595111,Lori,Morales,True,Morales_b7f1d
Maria_Miller@roberts.com,19941221,86317751,Maria,Miller,True,Miller_208dd
Eileen_Davis@knox.com,19520404,19544735,Eileen,Davis,True,Davis_3a81f
Nicole_Rivas@liu.org,19941124,45622759,Nicole,Rivas,True,Rivas_0504f
Harry_Miller@warner-jackson.com,19890613,63478047,Harry,Miller,True,Miller_4e2a7
Robert_Hunter@foster-woodward.info,19761021,80356607,Robert,Hunter,True,Hunter_7be8f
Ellen_Montes@sellers.com,19610714,16519759,Ellen,Montes,True,Montes_29eaa
Gregory_Mclean@valencia.com,19610801,38860951,Gregory,Mclean,True,Mclean_3b78d
Angela_Spencer@lopez.com,19980502,18410783,Angela,Spencer,True,Spencer_071ed
Christina_Price@kennedy-tran.com,19860805,65381695,Christina,Price,True,Price_35238
Amber_Randall@boyd-freeman.net,19520910,60506343,Amber,Randall,True,Randall_fe7f8
Matthew_Morris@boyle-novak.com,19981111,49822607,Matthew,Morris,True,Morris_f9657
Cindy_Blackburn@bolton.net,20001008,86098071,Cindy,Blackburn,True,Blackburn_0c5fb
Matthew_Jacobson@bishop-thomas.com,19510412,99110191,Matthew,Jacobson,True,Jacobson_496c2
Stacy_Jones@perez.com,19940909,71998399,Stacy,Jones,True,Jones_c6f5d
Mike_Hudson@wilson-snyder.info,19860807,75936847,Mike,Hudson,True,Hudson_e8f96
Antonio_Gray@jackson-bell.org,19710315,56973759,Antonio,Gray,True,Gray_61484
Scott_Zimmerman@fischer.com,19560130,70071511,Scott,Zimmerman,True,Zimmerman_881d6
Dakota_Silva@barker-miller.com,19791007,41853599,Dakota,Silva,True,Silva_80f7f
Cynthia_Crawford@miller-fowler.org,19650925,97822935,Cynthia,Crawford,True,Crawford_cd0ed
Jacob_Spencer@jefferson.net,19620226,41992359,Jacob,Spencer,True,Spencer_d5b01
Shawn_Shelton@dixon.biz,19630124,62583727,Shawn,Shelton,True,Shelton_9002f
Matthew_Oliver@mitchell.com,19720423,14016935,Matthew,Oliver,True,Oliver_94edc
Roger_Maddox@richards.com,19810426,86988519,Roger,Maddox,True,Maddox_6974f
Patricia_Martinez@stewart.info,19621202,61469863,Patricia,Martinez,True,Martinez_06dcc
Bryan_Gutierrez@short-huerta.net,19881118,84795039,Bryan,Gutierrez,True,Gutierrez_c61e8
Sylvia_Moon@mcintyre.biz,20030725,37974511,Sylvia,Moon,True,Moon_579bd
Sharon_Young@cordova.biz,19920204,57220335,Sharon,Young,True,Young_80637
Peter_Schultz@shah.com,19570829,78301895,Peter,Schultz,True,Schultz_5fff4
Justin_Burke@johnson.com,19961202,43401655,Justin,Burke,True,Burke_ea689
Karen_Erickson@roman.org,19781004,68245335,Karen,Erickson,True,Erickson_9f253
Sarah_Ramsey@hayes.com,19640622,63376279,Sarah,Ramsey,True,Ramsey_4c3e8
Michael_Chang@watkins.com,19900209,99632783,Michael,Chang,True,Chang_e27c8
Pamela_Hughes@rivas-garza.com,19570116,32117783,Pamela,Hughes,True,Hughes_bf91b
Darius_Phillips@mercado.biz,20020614,16737247,Darius,Phillips,True,Phillips_6d384
Jimmy_Morris@hall-watkins.com,19640120,31836895,Jimmy,Morris,True,Morris_25892
Hailey_Miller@gay.org,19710217,44016239,Hailey,Miller,True,Miller_61db6
Lauren_Romero@davis.com,20020425,50100783,Lauren,Romero,True,Romero_e5750
Adam_Jones@kline-reeves.com,19570107,83246639,Adam,Jones,True,Jones_2b07e
Matthew_Murphy@graham.com,19600216,18189831,Matthew,Murphy,True,Murphy_5dc4e
Jessica_Arroyo@flores-evans.com,20021019,24971015,Jessica,Arroyo,True,Arroyo_a6982
Caleb_Zuniga@stone.net,19681028,36180711,Caleb,Zuniga,True,Zuniga_a2d94
Scott_Bonilla@jones-holmes.info,19861002,81577447,Scott,Bonilla,True,Bonilla_5a96a
Cheyenne_Moreno@hampton.com,19600912,61341887,Cheyenne,Moreno,True,Moreno_8048c
Courtney_Lopez@sanders.com,19710810,35323391,Courtney,Lopez,True,Lopez_93fe3
Kenneth_Williamson@perez.com,19541003,36169599,Kenneth,Williamson,True,Williamson_b834c
Bruce_Browning@robertson-baldwin.com,19631113,22984503,Bruce,Browning,True,Browning_1f631
Jeremiah_Robertson@brooks-patrick.info,19621012,38471223,Jeremiah,Robertson,True,Robertson_1f1d0
Shannon_Gilbert@brown-schaefer.com,19920613,34472903,Shannon,Gilbert,True,Gilbert_cba39
Amanda_Brown@williams.com,19541218,52400391,Amanda,Brown,True,Brown_cde99
Riley_Gomez@hoffman.com,19810211,20838807,Riley,Gomez,True,Gomez_010a6
Shelby_Price@fuller.net,19860807,74350543,Shelby,Price,True,Price_e8f96
Scott_Harris@mullins.com,19901214,36307567,Scott,Harris,True,Harris_fc222
Bonnie_Franklin@gillespie.com,19880714,22008807,Bonnie,Franklin,True,Franklin_f8d94
Ashley_Morris@marshall.net,20021001,13085855,Ashley,Morris,True,Morris_73a97
Joe_Moody@johnson-watts.biz,19990405,97781031,Joe,Moody,True,Moody_8d70e
Robert_Cabrera@kim.org,19950706,99768879,Robert,Cabrera,True,Cabrera_1d69f
Jack_Jensen@kent-williamson.net,19601229,93571087,Jack,Jensen,True,Jensen_676e2
Daniel_Armstrong@brown.com,19820714,18991247,Daniel,Armstrong,True,Armstrong_f79a4
Susan_Donovan@jordan-anderson.com,19690130,85222335,Susan,Donovan,True,Donovan_6c619
Michael_Powell@mccall.com,19941127,63894311,Michael,Powell,True,Powell_4f74d
Alexander_Lowe@morris.com,19610508,93074023,Alexander,Lowe,True,Lowe_73be1
