email,date_of_birth,mobile_no,first_name,last_name,above_18,membership_id
Sherry_Gonzalez@caldwell.biz,19730314,66744895,Sherry,Gonzalez,True,Gonzalez_345f8
David_Brown@jackson-smith.biz,20010922,69082983,David,Brown,True,Brown_e4d2b
Denise_Glass@calderon.org,19820531,77863943,Denise,Glass,True,Glass_a6a8f
Lori_Zimmerman@smith-bradley.biz,19980217,14572007,Lori,Zimmerman,True,Zimmerman_3bb25
Aaron_Wilson@burke-benton.net,19870517,75053391,Aaron,Wilson,True,Wilson_6845c
Evan_Bradford@may.biz,19551101,28249239,Evan,Bradford,True,Bradford_d831f
Samuel_Lee@gardner-rodriguez.net,19740902,57636831,Samuel,Lee,True,Lee_d3d5c
Rebekah_Jackson@cook.info,19680514,14674871,Rebekah,Jackson,True,Jackson_feb2c
Jennifer_Weaver@patterson.com,19781015,74152151,Jennifer,Weaver,True,Weaver_feb81
Amber_Smith@ho.biz,19681229,54476327,Amber,Smith,True,Smith_8b9ee
Leonard_Hamilton@brown.com,19880229,76082775,Leonard,Hamilton,True,Hamilton_f2276
Kathy_Phillips@floyd.com,19841216,57829247,Kathy,Phillips,True,Phillips_608c9
Derek_Romero@ramos.org,19670806,35013079,Derek,Romero,True,Romero_ae90e
Jennifer_Jimenez@morgan.com,19921121,59592559,Jennifer,Jimenez,True,Jimenez_5ed59
Wesley_Combs@bright-zimmerman.biz,19651230,43019751,Wesley,Combs,True,Combs_37075
Charles_Shields@oliver.org,19790407,54884063,Charles,Shields,True,Shields_21876
Christopher_Cline@conrad.org,19580228,21240567,Christopher,Cline,True,Cline_b17cc
Victoria_Lawson@snyder.com,19541204,24045823,Victoria,Lawson,True,Lawson_c755d
Christopher_Newman@campbell.info,19950925,93133527,Christopher,Newman,True,Newman_d7b88
Michael_Martinez@hogan.net,19521107,40271975,Michael,Martinez,True,Martinez_bc0fc
Kelly_Bailey@cherry.info,19960217,43647431,Kelly,Bailey,True,Bailey_c3f8e
Paul_Jones@clark-irwin.com,19940215,91301999,Paul,Jones,True,Jones_f903f
Danielle_Tran@mann.com,19880826,85246679,Danielle,Tran,True,Tran_40aaa
Jeff_Freeman@guzman.com,20030520,13590655,Jeff,Freeman,True,Freeman_35a3d
Justin_White@lucas-moore.info,20010721,34278303,Justin,White,True,White_8c0aa
Rachel_Browning@smith.info,19611017,19703607,Rachel,Browning,True,Browning_9332a
Marissa_Jones@lewis.net,19580806,32094119,Marissa,Jones,True,Jones_cdd9f
Elijah_Roy@jones-baldwin.com,19870705,57159015,Elijah,Roy,True,Roy_57ef7
John_Fernandez@may.org,19800530,17232207,John,Fernandez,True,Fernandez_f6199
Courtney_Simpson@preston-cantrell.com,19731103,77314887,Courtney,Simpson,True,Simpson_7383f
Kimberly_Hopkins@adams.com,19931022,67364511,Kimberly,Hopkins,True,Hopkins_56d12
William_King@cline-allen.com,19841115,21561215,William,King,True,King_4ae33
Christopher_Lester@keller.org,19540405,79532575,Christopher,Lester,True,Lester_e6d60
Stephanie_Robertson@owen-rodriguez.com,20020805,75259367,Stephanie,Robertson,True,Robertson_c09d4
Rickey_Hill@parker-cohen.com,19640430,56465207,Rickey,Hill,True,Hill_bd6cc
Erika_Stewart@solis.com,19851226,83552695,Erika,Stewart,True,Stewart_40f40
Alicia_Dean@leon.org,19820716,32173895,Alicia,Dean,True,Dean_a395c
Christina_Johnson@clark.com,20010622,30262983,Christina,Johnson,True,Johnson_5dcd5
Jimmy_Hall@spence-knapp.biz,19550930,45553567,Jimmy,Hall,True,Hall_220f8
Kelli_Wells@jones.com,19540308,27406215,Kelli,Wells,True,Wells_5c2c0
Gary_Murphy@singleton.info,19991012,96047135,Gary,Murphy,True,Murphy_85129
Nathan_Archer@gray.com,19560723,72954367,Nathan,Archer,True,Archer_c6232
Andrew_Gibson@yu-richardson.org,19530908,15513119,Andrew,Gibson,True,Gibson_af2a9
Ian_Deleon@mullins-espinoza.org,19860307,36389911,Ian,Deleon,True,Deleon_db554
Michael_Kline@phelps-alvarez.com,19650623,20968343,Michael,Kline,True,Kline_6fe75
Jay_Merritt@patterson.org,19841017,46065855,Jay,Merritt,True,Merritt_2aa87
Joshua_Rodriguez@thornton-benitez.com,19530317,27953967,Joshua,Rodriguez,True,Rodriguez_1eec6
James_Rodriguez@logan.com,19810717,50981423,James,Rodriguez,True,Rodriguez_a7ea3
Robert_Ortega@perez.com,19600316,57040695,Robert,Ortega,True,Ortega_7f647
Teresa_Ruiz@holmes.com,19510904,22432447,Teresa,Ruiz,True,Ruiz_e89df
Madison_Mejia@sims.com,19530323,73824679,Madison,Mejia,True,Mejia_10b0a
Brittany_Joyce@thomas.biz,19601114,65804583,Brittany,Joyce,True,Joyce_342d3
James_Bailey@flynn.net,19861007,26146743,James,Bailey,True,Bailey_b3b3b
Mary_Perry@williams.net,19730808,57879711,Mary,Perry,True,Perry_e8625
Crystal_Jones@webb.com,19620914,39588047,Crystal,Jones,True,Jones_85733
Aaron_Brown@yates.com,19860502,43815191,Aaron,Brown,True,Brown_9035e
Kathleen_Flynn@boyd-king.biz,19870913,93605471,Kathleen,Flynn,True,Flynn_5b7fe
Tanya_Barajas@davis.com,19740430,92793871,Tanya,Barajas,True,Barajas_c09f8
Samantha_Rasmussen@stokes-leon.com,19940621,26634223,Samantha,Rasmussen,True,Rasmussen_0fcc4
Vincent_Martin@wright-lee.com,19840124,55457087,Vincent,Martin,True,Martin_92713
Tony_Crawford@moore.com,19870818,15997263,Tony,Crawford,True,Crawford_a2a35
Randy_Sullivan@perez.net,19611025,15665967,Randy,Sullivan,True,Sullivan_7d828
Erica_Pruitt@ross-lamb.biz,19800923,31838831,Erica,Pruitt,True,Pruitt_93ad0
Kimberly_Thompson@brewer-walters.net,20001211,88531623,Kimberly,Thompson,True,Thompson_77cc8
Martin_Compton@morgan.com,19840602,42037887,Martin,Compton,True,Compton_395a9
Hayley_Gibson@calderon.info,19990812,50365367,Hayley,Gibson,True,Gibson_3c4f9
Kenneth_Cortez@lewis.biz,20000518,39338615,Kenneth,Cortez,True,Cortez_2aba0
Tracy_Brown@joyce.com,19720823,26044711,Tracy,Brown,True,Brown_8baf8
Brenda_Turner@hampton.org,19550726,94128415,Brenda,Turner,True,Turner_f9621
Matthew_Brown@owens.org,19720606,21970879,Matthew,Brown,True,Brown_743de
Christopher_Greene@berry.org,19880101,82039695,Christopher,Greene,True,Greene_ff18a
Leslie_Preston@johns.com,19720510,71892959,Leslie,Preston,True,Preston_d0922
Jay_Parker@fowler.net,19930930,57583783,Jay,Parker,True,Parker_311d6
Lance_Williams@williams.net,19730807,19310567,Lance,Williams,True,Williams_44d67
Christian_Peterson@arnold.biz,19760222,41536527,Christian,Peterson,True,Peterson_b235a
Kathleen_Allen@cook.com,19860113,38829559,Kathleen,Allen,True,Allen_b02ca
Marie_Lamb@hampton.com,19790410,26841263,Marie,Lamb,True,Lamb_5dc6d
Nathan_Flores@gibbs.net,19790409,86883135,Nathan,Flores,True,Flores_a43fb
Brandon_Gonzalez@moore.info,19620131,80247655,Brandon,Gonzalez,True,Gonzalez_a73bb
Chase_Reed@robbins.info,19580821,58795239,Chase,Reed,True,Reed_d45f4
Timothy_Nichols@smith.biz,19680601,76207631,Timothy,Nichols,True,Nichols_5f34b
Ashley_Caldwell@mason-bryant.com,19880903,13420663,Ashley,Caldwell,True,Caldwell_aa013
William_Dunn@wilkins.info,19570101,57063847,William,Dunn,True,Dunn_e5398
Jon_James@owens.biz,19750120,53852103,Jon,James,True,James_0b802
Lindsay_Brewer@brown-stewart.info,19530818,38137071,Lindsay,Brewer,True,Brewer_a5019
Renee_Martin@crawford-walker.com,19810421,55803823,Renee,Martin,True,Martin_caab2
Shelly_Warren@patterson-knight.info,19560812,11973823,Shelly,Warren,True,Warren_f5e11
Keith_Parker@moore.com,19640826,40120471,Keith,Parker,True,Parker_0793e
Thomas_Turner@boyer-santos.info,19730528,12514951,Thomas,Turner,True,Turner_cf891
Edward_Pearson@hester-richardson.info,19880227,49439343,Edward,Pearson,True,Pearson_19b26
Melissa_Levy@arroyo.com,19500330,51842935,Melissa,Levy,True,Levy_bef91
Brandon_Powell@craig-gonzales.net,19760606,43375815,Brandon,Powell,True,Powell_fe4b6
Vanessa_Alvarez@allen.org,20000924,42263183,Vanessa,Alvarez,True,Alvarez_579c3
Kimberly_Stone@murphy-bryant.com,19940512,25323999,Kimberly,Stone,True,Stone_1d9aa
Adam_Jones@ashley.com,19730316,55082935,Adam,Jones,True,Jones_575ba
Elizabeth_Andersen@baker.com,19740123,69096535,Elizabeth,Andersen,True,Andersen_61066
Destiny_Lutz@thompson-wright.com,19940412,87853607,Destiny,Lutz,True,Lutz_3427f
Brandy_Allen@hardy-griffin.com,19810113,92130799,Brandy,Allen,True,Allen_54dd1
Stephanie_Decker@barrett.net,19770905,92626639,Stephanie,Decker,True,Decker_0c2ca
Michelle_Keller@johnson.com,19510607,56139711,Michelle,Keller,True,Keller_80065
Loretta_Haynes@stewart.info,19891215,73871583,Loretta,Haynes,True,Haynes_ac7ab
Stacey_Yates@lewis.com,19921208,30115967,Stacey,Yates,True,Yates_0613f
Sue_Lee@rojas.com,19860829,97367575,Sue,Lee,True,Lee_f9df7
Anna_Long@coleman.com,19740316,52566967,Anna,Long,True,Long_850ab
Annette_Watson@brown-brennan.com,19580423,67851175,Annette,Watson,True,Watson_6dc0c
James_Thomas@torres.net,19520509,58718239,James,Thomas,True,Thomas_6cc50
Kelli_Olson@campbell.net,19960723,50265023,Kelli,Olson,True,Olson_50aa7
Nicholas_Hughes@reed-wilson.org,19620408,27277679,Nicholas,Hughes,True,Hughes_c8092
Wesley_Lowery@suarez.biz,19980620,33838415,Wesley,Lowery,True,Lowery_c4680
Becky_Reid@vargas.net,19751027,37025287,Becky,Reid,True,Reid_1bdd4
Corey_Mitchell@turner-thompson.org,19560302,65463735,Corey,Mitchell,True,Mitchell_14c43
Wesley_Shaw@henderson-gibson.com,19830121,76819471,Wesley,Shaw,True,Shaw_afe1c
Pamela_Boyd@freeman.com,19680628,25030751,Pamela,Boyd,True,Boyd_94bd7
Jeremy_Lewis@murray.com,19530107,44159519,Jeremy,Lewis,True,Lewis_644d9
Jennifer_Garza@herrera-klein.com,19890603,31999455,Jennifer,Garza,True,Garza_be6d1
Chelsea_Chen@coleman-haney.biz,19870405,63416567,Chelsea,Chen,True,Chen_1d003
Joseph_Perry@tucker.com,19510616,16254071,Joseph,Perry,True,Perry_b530f
Heather_Herman@williams-lindsey.com,19710606,97877423,Heather,Herman,True,Herman_0ab62
Travis_Johnson@miller-rivera.org,19960805,56146735,Travis,Johnson,True,Johnson_76064
Laura_Lopez@rodriguez.com,19901221,72627367,Laura,Lopez,True,Lopez_ea347
Jeff_Wilson@booker.biz,19501207,20197287,Jeff,Wilson,True,Wilson_28099
Reginald_Barnes@walker-robinson.com,19730214,19884399,Reginald,Barnes,True,Barnes_f462c
Kayla_Brown@pierce.info,19891018,54681543,Kayla,Brown,True,Brown_1ccca
Robert_Weaver@young-leonard.com,19820218,39131199,Robert,Weaver,True,Weaver_201e1
Beth_Martinez@johnson.com,19681225,87909191,Beth,Martinez,True,Martinez_204f4
Spencer_Ware@montgomery-lane.com,19801009,74599951,Spencer,Ware,True,Ware_0b5e6
Willie_Erickson@bartlett.com,19910110,53673855,Willie,Erickson,True,Erickson_3df9d
Robert_Howard@kim.info,19670717,80566095,Robert,Howard,True,Howard_a8620
Katherine_Smith@bean-king.org,20031029,44340415,Katherine,Smith,True,Smith_9fa58
Mariah_Garrison@hogan.biz,19971215,31527511,Mariah,Garrison,True,Garrison_6662e
Daniel_Nguyen@mccall.com,19590903,37673823,Daniel,Nguyen,True,Nguyen_6a5e7
Daniel_Brown@williams-schneider.biz,19650228,38844959,Daniel,Brown,True,Brown_5a1c6
Madeline_Sandoval@schultz-duncan.biz,19870204,32032871,Madeline,Sandoval,True,Sandoval_7afaf
Robert_Dickerson@howard.biz,19570725,43682807,Robert,Dickerson,True,Dickerson_1afe6
Leonard_Martinez@mcbride.com,19560922,14452319,Leonard,Martinez,True,Martinez_7564a
Jamie_Higgins@francis.org,19611014,27639911,Jamie,Higgins,True,Higgins_d6968
Robert_Stephens@lopez.com,20000619,92784815,Robert,Stephens,True,Stephens_5a6e3
Jennifer_Evans@gonzalez.org,19730302,72801079,Jennifer,Evans,True,Evans_bc26e
Daniel_Chen@little.com,19520716,46750383,Daniel,Chen,True,Chen_7d3b1
Samuel_Dalton@marquez.com,19960916,75194711,Samuel,Dalton,True,Dalton_32ce4
Heather_Bennett@hamilton-blair.com,20020105,64795847,Heather,Bennett,True,Bennett_dcbc8
Joshua_King@hale.net,20000106,99342223,Joshua,King,True,King_89592
Jasmine_Flores@collins.info,19561004,21325447,Jasmine,Flores,True,Flores_3b7a4
Crystal_Blake@parker.com,19701117,97878511,Crystal,Blake,True,Blake_e7660
Beth_Morales@leon-mayer.info,19860530,22507695,Beth,Morales,True,Morales_9779b
Joseph_Wilson@rogers.biz,19891210,36511255,Joseph,Wilson,True,Wilson_f5df7
Amanda_Evans@cox.com,19590224,92559519,Amanda,Evans,True,Evans_62a52
Trevor_Valenzuela@cline-espinoza.info,19910911,67310711,Trevor,Valenzuela,True,Valenzuela_0342c
Sergio_Day@guzman-garrett.com,19510531,27091295,Sergio,Day,True,Day_69b70
Julie_Boyd@white-george.com,19690906,47949079,Julie,Boyd,True,Boyd_9e514
Logan_Watkins@hernandez.com,20000511,87081215,Logan,Watkins,True,Watkins_c9964
Steven_Ortiz@hamilton.com,19670605,15073183,Steven,Ortiz,True,Ortiz_c84c2
Lisa_Marquez@day-smith.com,19710326,18443671,Lisa,Marquez,True,Marquez_7aa36
Jennifer_Martin@moore.com,19830527,83212175,Jennifer,Martin,True,Martin_82381
Arthur_Chandler@martin.com,19610210,18438007,Arthur,Chandler,True,Chandler_4ab75
Ronald_Hudson@carson.com,19511003,66192423,Ronald,Hudson,True,Hudson_01af1
Jennifer_Lee@guerra-lopez.com,19500104,35305031,Jennifer,Lee,True,Lee_d7999
Gregory_Yoder@robinson-johnson.com,19530620,75705319,Gregory,Yoder,True,Yoder_70108
Carolyn_Harmon@watts-horn.com,19980124,55977599,Carolyn,Harmon,True,Harmon_69598
Christopher_Harrell@lindsey.com,19700630,52999479,Christopher,Harrell,True,Harrell_7257b
Kevin_Johnson@rogers.com,19930802,15154639,Kevin,Johnson,True,Johnson_a67f3
Michael_Harrison@franklin.com,19510819,29087871,Michael,Harrison,True,Harrison_087c8
Megan_Montoya@perez-rice.org,19780907,29894903,Megan,Montoya,True,Montoya_b67c7
Samantha_George@golden.info,19890331,58989271,Samantha,George,True,George_60252
Terry_Moore@barker-ayers.com,19870615,19828167,Terry,Moore,True,Moore_c62aa
James_Rogers@green.net,19930704,65821255,James,Rogers,True,Rogers_656af
Kathleen_Tran@wilson.net,19740211,20044927,Kathleen,Tran,True,Tran_b0eca
Bryan_Martinez@bennett-mitchell.info,19610406,45478631,Bryan,Martinez,True,Martinez_223e6
Jacqueline_Conway@robinson-carson.com,19710617,91842383,Jacqueline,Conway,True,Conway_ae427
Maxwell_Cole@larson.com,19510203,41796463,Maxwell,Cole,True,Cole_92aa4
Bethany_Williamson@flores.com,19540310,40227935,Bethany,Williamson,True,Williamson_2b72a
Joseph_Wright@powell.net,19570521,40768583,Joseph,Wright,True,Wright_f1b73
Heidi_Bolton@spencer.com,19560616,58079023,Heidi,Bolton,True,Bolton_06e0a
Daniel_Lewis@robertson.com,19770205,48084439,Daniel,Lewis,True,Lewis_e0082
Dale_Ramirez@patton.com,19550323,59875791,Dale,Ramirez,True,Ramirez_63293
Carol_Sharp@garcia-lamb.com,19750312,18014567,Carol,Sharp,True,Sharp_7f0b3
Joseph_Buck@jacobs.com,19520311,34270063,Joseph,Buck,True,Buck_542b9
Lynn_Anderson@williams-carter.com,19960113,75488911,Lynn,Anderson,True,Anderson_542fb
James_Frost@graves.biz,19560322,30684495,James,Frost,True,Frost_83e31
Sarah_Harris@thomas-sanchez.com,20010530,52442775,Sarah,Harris,True,Harris_526ca
Tina_Wood@schultz.org,19990824,51264359,Tina,Wood,True,Wood_e9467
Victor_Owens@collins.com,19960815,53064383,Victor,Owens,True,Owens_620f1
Kimberly_Koch@rodriguez.net,19870125,35893839,Kimberly,Koch,True,Koch_43971
Allison_Obrien@bailey-sanders.com,19620423,81154631,Allison,Obrien,True,Obrien_00e34
John_Rogers@oneill.com,19710905,21046575,John,Rogers,True,Rogers_160f6
Janet_Collins@farrell.com,19840721,89424095,Janet,Collins,True,Collins_120bd
Kathy_White@wang.info,20000615,91622367,Kathy,White,True,White_fae51
Trevor_Brown@stokes.info,19691030,45715591,Trevor,Brown,True,Brown_2e40b
Brandon_Murphy@luna.info,19550409,33155895,Brandon,Murphy,True,Murphy_b47e0
Kristin_Lawson@salinas.com,19760111,36661711,Kristin,Lawson,True,Lawson_cbf97
James_Castaneda@miller-hart.com,19640126,64715807,James,Castaneda,True,Castaneda_7660a
Robert_Ortiz@saunders-hunter.com,19761108,80296223,Robert,Ortiz,True,Ortiz_66abd
Doris_Meyer@sullivan.org,19720902,22782935,Doris,Meyer,True,Meyer_cf219
Connie_Harper@lewis.com,19950627,21369119,Connie,Harper,True,Harper_709ac
Tyler_Parker@sheppard.org,19541202,29910975,Tyler,Parker,True,Parker_2b641
Debbie_Burns@salinas.com,19830806,95570935,Debbie,Burns,True,Burns_f2b3a
Kyle_Morales@perry.info,19991113,32120287,Kyle,Morales,True,Morales_d8cee
Gabriel_Preston@black.com,19961120,88336263,Gabriel,Preston,True,Preston_b6298
Megan_Sullivan@miller-ryan.org,19550223,31498887,Megan,Sullivan,True,Sullivan_40445
Brandon_Orozco@greene.com,19870717,59988495,Brandon,Orozco,True,Orozco_02d2b
Kari_Nguyen@farley.com,19991119,47980591,Kari,Nguyen,True,Nguyen_6f546
Joshua_Ellis@gonzalez.biz,19960226,26531367,Joshua,Ellis,True,Ellis_544ce
Briana_Vega@potter-gomez.biz,19650828,45994079,Briana,Vega,True,Vega_98495
Brittany_Hill@rogers-hoffman.com,19870605,90817791,Brittany,Hill,True,Hill_2c87a
Carrie_Martinez@hendrix.com,19740124,96107743,Carrie,Martinez,True,Martinez_a7c33
Jessica_Clark@livingston.biz,19821217,56001455,Jessica,Clark,True,Clark_0bb22
Linda_White@moore.com,19751015,84876711,Linda,White,True,White_e9960
Jake_Spencer@murphy.com,20020509,53533879,Jake,Spencer,True,Spencer_c21d7
Joseph_Chan@hutchinson-gutierrez.com,19660922,19544079,Joseph,Chan,True,Chan_f9d1e
Gabriel_Short@fitzgerald-atkinson.org,19860901,93491919,Gabriel,Short,True,Short_9127e
Kathleen_Ali@horn-rogers.com,19960602,45338687,Kathleen,Ali,True,Ali_a2746
Danielle_Stephens@miller.net,19610929,16838823,Danielle,Stephens,True,Stephens_baaae
Steve_Ellis@barton.info,19651213,55567535,Steve,Ellis,True,Ellis_7b029
Sarah_Rios@winters.org,19691223,77288975,Sarah,Rios,True,Rios_86530
Brianna_Schaefer@nelson-mcmahon.com,19761203,34700887,Brianna,Schaefer,True,Schaefer_ac7f3
Gwendolyn_Lane@higgins.biz,19550928,82893815,Gwendolyn,Lane,True,Lane_41295
Angela_Morris@murray.com,19760702,89409391,Angela,Morris,True,Morris_9ba0c
Christopher_Smith@martinez-bradley.biz,19720128,45772799,Christopher,Smith,True,Smith_9e4e9
Andre_West@herrera-rowe.biz,19571117,11479343,Andre,West,True,West_19736
Jessica_Smith@walsh-steele.com,19510531,97984639,Jessica,Smith,True,Smith_69b70
Michael_Hall@johnson.biz,19570616,41115111,Michael,Hall,True,Hall_8de8e
Brenda_Long@carter.net,19510914,45992583,Brenda,Long,True,Long_f0fca
Megan_Taylor@montgomery.com,19930510,12610975,Megan,Taylor,True,Taylor_757b6
Kelly_Morales@sanchez.com,19800227,44799815,Kelly,Morales,True,Morales_3cabc
Sheri_Johnson@lucas.com,19880422,34118127,Sheri,Johnson,True,Johnson_5c594
Joshua_Brown@smith.biz,19621212,90875247,Joshua,Brown,True,Brown_6f7bf
Lori_Pacheco@ayala.com,19620630,94662495,Lori,Pacheco,True,Pacheco_7ccf5
Sandra_Schmidt@herrera.com,19590711,50638143,Sandra,Schmidt,True,Schmidt_be25c
Rachel_Hill@gutierrez.com,19541202,55824367,Rachel,Hill,True,Hill_2b641
George_Clark@hardin.biz,19650625,92490103,George,Clark,True,Clark_47c72
Emily_Case@lewis.com,19850508,90216215,Emily,Case,True,Case_1fe51
Seth_Alvarez@conrad.com,19800108,90929927,Seth,Alvarez,True,Alvarez_af321
Jose_Reyes@garcia.com,19700929,94563263,Jose,Reyes,True,Reyes_0a636
Corey_Russo@ramirez-williams.org,19560501,61159511,Corey,Russo,True,Russo_0a99e
Zachary_Le@whitaker.com,19851028,56441999,Zachary,Le,True,Le_44e84
Rhonda_Anthony@lawson.com,19740915,12850551,Rhonda,Anthony,True,Anthony_91ec3
Joseph_Hill@rodriguez-newton.com,20020923,89902687,Joseph,Hill,True,Hill_0d4d9
Erin_Davis@sanchez.net,19600917,22992863,Erin,Davis,True,Davis_dbcb2
Lucas_Brown@miller.com,19891101,34675679,Lucas,Brown,True,Brown_1ebf8
William_Garcia@powell.com,19850912,25729991,William,Garcia,True,Garcia_72e9b
Anthony_Mills@chang.org,19831003,16676751,Anthony,Mills,True,Mills_02d28
Lauren_Swanson@pena-pierce.com,19610921,85204407,Lauren,Swanson,True,Swanson_b3ea5
John_Frank@martin.com,19500519,42691023,John,Frank,True,Frank_4dfb9
Nicole_Schmidt@stephens.com,19651109,86157423,Nicole,Schmidt,True,Schmidt_54bf2
Nathan_Gray@scott-gonzalez.com,19960618,48983767,Nathan,Gray,True,Gray_15cd6
Nichole_Delgado@dixon-cruz.com,19720305,60338223,Nichole,Delgado,True,Delgado_f68ba
Jessica_Hawkins@cooper-hall.org,19711224,98100079,Jessica,Hawkins,True,Hawkins_43c48
Marcus_Rodriguez@jones.com,19690511,23424599,Marcus,Rodriguez,True,Rodriguez_3a35b
Sarah_Reed@lane.biz,19960709,26466911,Sarah,Reed,True,Reed_616fa
Samuel_Solomon@wolf.net,19871230,26166751,Samuel,Solomon,True,Solomon_23bae
Katrina_Miller@grimes.com,19540308,81240247,Katrina,Miller,True,Miller_5c2c0
Raymond_Conner@oneal-johnson.com,19970128,95736583,Raymond,Conner,True,Conner_71970
Lori_Fuller@gordon.com,19680101,54288255,Lori,Fuller,True,Fuller_9068b
Corey_Wilson@hoover-hernandez.com,19531011,39467535,Corey,Wilson,True,Wilson_da57e
Holly_James@macdonald.com,19641104,62732175,Holly,James,True,James_e7a3a
Alicia_Mccarty@beasley.com,19820916,57669519,Alicia,Mccarty,True,Mccarty_a4b9d
Ryan_Guzman@walker-hudson.biz,19621016,79930919,Ryan,Guzman,True,Guzman_2c0ed
Zoe_Christian@grant.com,19990319,22170983,Zoe,Christian,True,Christian_90eb3
Nicholas_Watson@williams.com,19620403,72181751,Nicholas,Watson,True,Watson_61db6
Victoria_Wood@proctor-baker.com,19910622,13955959,Victoria,Wood,True,Wood_67f27
Jillian_Knight@davenport.com,19881108,20417711,Jillian,Knight,True,Knight_10192
Ryan_Fisher@fletcher.com,19871030,63505855,Ryan,Fisher,True,Fisher_27703
Stephanie_Howe@allen.com,19630905,37283343,Stephanie,Howe,True,Howe_a7c94
Kenneth_Kim@duran.com,19990505,37818767,Kenneth,Kim,True,Kim_c0e4a
Andrew_Macias@douglas.com,19661013,28232535,Andrew,Macias,True,Macias_a4116
Elizabeth_Huffman@zamora.com,19580918,15486151,Elizabeth,Huffman,True,Huffman_fb25a
Christina_Stone@medina.com,19930320,34449775,Christina,Stone,True,Stone_9ab9f
Martin_Garza@morris.info,19741221,28343727,Martin,Garza,True,Garza_565a5
Alexander_Merritt@butler.net,19800913,33574735,Alexander,Merritt,True,Merritt_696fd
Mackenzie_Anderson@welch.biz,19790522,34401951,Mackenzie,Anderson,True,Anderson_71b94
Kelly_Sanders@coleman.com,19520413,29703695,Kelly,Sanders,True,Sanders_e9c2f
Matthew_Jones@arnold.com,20000615,98616991,Matthew,Jones,True,Jones_fae51
Sarah_David@collier.net,19981216,97218247,Sarah,David,True,David_39e9f
Carmen_Barajas@smith.com,19810526,34685455,Carmen,Barajas,True,Barajas_62836
Angela_Johnson@stewart.com,19840827,62439103,Angela,Johnson,True,Johnson_5dcba
Melissa_Sparks@sanchez-stevenson.com,19930802,27530863,Melissa,Sparks,True,Sparks_a67f3
Elizabeth_Barrera@gibbs.biz,20000816,15349719,Elizabeth,Barrera,True,Barrera_10054
Katherine_Hill@tran.com,19830918,37709951,Katherine,Hill,True,Hill_e971e
Kristin_Hart@ortega.com,19661217,36255543,Kristin,Hart,True,Hart_3b264
Jacqueline_Ho@henry.com,19610131,75359367,Jacqueline,Ho,True,Ho_73551
Michael_Knight@davidson.com,19870408,71412263,Michael,Knight,True,Knight_e66ab
Heather_Arroyo@martinez.com,19790709,36165719,Heather,Arroyo,True,Arroyo_44022
Lori_Larson@flowers.com,19630807,38397103,Lori,Larson,True,Larson_06714
David_Vazquez@davila-beck.com,19900612,57160871,David,Vazquez,True,Vazquez_13d09
Amber_Mathis@jensen-jensen.info,19680426,41337495,Amber,Mathis,True,Mathis_68b34
Jessica_Knight@mcdowell-jones.info,19680528,21071591,Jessica,Knight,True,Knight_513c8
Jessica_Chavez@oliver.info,19950325,68367639,Jessica,Chavez,True,Chavez_302a3
Grace_Phillips@foley-davis.info,19690531,71945055,Grace,Phillips,True,Phillips_fab0b
Sherry_Hicks@stout-nicholson.com,19611127,12514111,Sherry,Hicks,True,Hicks_5e5f2
Jeffrey_Dennis@simmons.org,19841102,25874695,Jeffrey,Dennis,True,Dennis_6fd98
Sarah_Davila@nash.com,19790906,46685303,Sarah,Davila,True,Davila_1977b
Karen_Oneill@gomez.com,19921004,72265879,Karen,Oneill,True,Oneill_7278c
Katie_Gilmore@lopez.biz,19871019,83937223,Katie,Gilmore,True,Gilmore_a124d
Nicholas_Mills@williams.com,19631001,68844231,Nicholas,Mills,True,Mills_f511a
Jennifer_Montgomery@estrada-cole.com,19710715,53834071,Jennifer,Montgomery,True,Montgomery_1a334
Cynthia_Bailey@oneill.com,19790825,48942719,Cynthia,Bailey,True,Bailey_13beb
John_Wright@harris.com,19831019,96650335,John,Wright,True,Wright_fefcf
Sheila_Brown@stevens-edwards.com,19821128,32490999,Sheila,Brown,True,Brown_565a7
Ashley_Johnson@duarte.info,19860627,40141375,Ashley,Johnson,True,Johnson_8ef4f
Lisa_Moore@ramos.com,19941119,99493567,Lisa,Moore,True,Moore_a6529
Luis_Brown@medina.org,19540924,86879631,Luis,Brown,True,Brown_58eac
Julian_Newman@haynes.com,19580313,49873159,Julian,Newman,True,Newman_15a27
Thomas_Ferguson@guzman.com,19591213,28787319,Thomas,Ferguson,True,Ferguson_fb458
Lauren_Rodriguez@soto.com,19931016,27106623,Lauren,Rodriguez,True,Rodriguez_a9b99
Richard_Anderson@white.com,19580607,66751511,Richard,Anderson,True,Anderson_7118f
Jessica_Lee@brown-baxter.com,19670124,89410823,Jessica,Lee,True,Lee_7f12f
Desiree_Pham@gomez.org,19980918,21659871,Desiree,Pham,True,Pham_2772e
Martin_Allen@steele.com,20020924,99969439,Martin,Allen,True,Allen_7a4f2
Angela_Mitchell@moreno-evans.com,19690105,50190223,Angela,Mitchell,True,Mitchell_06d3f
Derrick_Sanchez@mitchell.com,19700424,97980535,Derrick,Sanchez,True,Sanchez_9f266
Angela_Ruiz@ramirez.org,19980922,32048807,Angela,Ruiz,True,Ruiz_4fd0b
David_Weaver@eaton.org,19920527,13469943,David,Weaver,True,Weaver_3aeb5
Bryan_Lewis@guerrero-harris.org,19660307,41243367,Bryan,Lewis,True,Lewis_ef96d
Christine_Ellis@blackwell.com,19980617,69393823,Christine,Ellis,True,Ellis_b9ff0
Amanda_Rodriguez@wagner.org,19670215,45111815,Amanda,Rodriguez,True,Rodriguez_b6c10
Alyssa_Salinas@robbins.com,19980710,41363847,Alyssa,Salinas,True,Salinas_8ad1c
Destiny_Morris@morris.biz,20020424,34213111,Destiny,Morris,True,Morris_fd4a9
Antonio_Baker@adams-harrison.biz,19590605,61275895,Antonio,Baker,True,Baker_e1e70
Kevin_Walsh@hamilton.net,19920805,63251375,Kevin,Walsh,True,Walsh_8cd29
Kenneth_Knox@zamora.com,19990626,47904991,Kenneth,Knox,True,Knox_d64ed
Steve_Mitchell@adkins-russell.com,19751027,98789479,Steve,Mitchell,True,Mitchell_1bdd4
Craig_Hendricks@garcia-higgins.com,19951018,51721063,Craig,Hendricks,True,Hendricks_a352c
Ricky_Kerr@gonzalez-martinez.com,19510625,43238807,Ricky,Kerr,True,Kerr_a02d8
Gloria_Aguilar@dorsey-donaldson.com,19690606,69773231,Gloria,Aguilar,True,Aguilar_d3661
Jon_Mcmillan@mcmahon-taylor.biz,19920104,15207695,Jon,Mcmillan,True,Mcmillan_a77b7
Alexander_Knight@doyle.com,19740812,41639975,Alexander,Knight,True,Knight_7e064
Joseph_Cross@mason-shaw.net,19530126,35750023,Joseph,Cross,True,Cross_36c08
Joel_Myers@smith-willis.net,19720920,49665991,Joel,Myers,True,Myers_1466d
Reginald_Wheeler@brown.biz,19870122,29179575,Reginald,Wheeler,True,Wheeler_b5a77
Michael_Mckee@gordon.com,20000917,87409327,Michael,Mckee,True,Mckee_92c0e
Elizabeth_Richard@stewart.biz,19901002,70199975,Elizabeth,Richard,True,Richard_fb535
Roy_Park@rodriguez-west.com,19551029,69451423,Roy,Park,True,Park_a639e
Lisa_Smith@black.info,19580819,99884935,Lisa,Smith,True,Smith_f312f
Walter_Wiggins@chen-morris.org,19790522,12487311,Walter,Wiggins,True,Wiggins_71b94
Jonathan_Castro@sandoval.com,19700409,95059239,Jonathan,Castro,True,Castro_49d90
Richard_Carroll@massey-gardner.com,19610526,61422551,Richard,Carroll,True,Carroll_78391
Ashley_Wright@callahan-dixon.info,19810823,27446295,Ashley,Wright,True,Wright_7a20b
Michelle_Fletcher@anderson.com,19831024,15665159,Michelle,Fletcher,True,Fletcher_e6fff
Ashley_Morris@aguilar-wood.biz,19750329,17176967,Ashley,Morris,True,Morris_5c574
Carol_Murphy@lowe.com,19640317,54241135,Carol,Murphy,True,Murphy_ecd95
Michael_Russell@orozco.com,19680308,24280095,Michael,Russell,True,Russell_203e4
Shawna_Andrews@freeman.com,19981115,12022295,Shawna,Andrews,True,Andrews_776f9
Veronica_Obrien@oneill.biz,20001128,46421095,Veronica,Obrien,True,Obrien_a0d8f
Dana_Hernandez@jackson.com,19940126,50236391,Dana,Hernandez,True,Hernandez_3d7b1
Amanda_Bernard@gilmore.info,19860211,52780943,Amanda,Bernard,True,Bernard_cc2c8
Lauren_Harris@long.com,19780811,42605007,Lauren,Harris,True,Harris_e20bd
Sean_Morales@molina.com,20030920,50605207,Sean,Morales,True,Morales_867f3
John_Mendoza@mahoney.com,19850519,85845135,John,Mendoza,True,Mendoza_fa60d
Robert_Johnson@mathis.org,19571114,59478743,Robert,Johnson,True,Johnson_ba49d
Arthur_Hogan@brown.biz,19820315,80309015,Arthur,Hogan,True,Hogan_5a330
Sierra_Mcdaniel@mata.com,20030713,77274903,Sierra,Mcdaniel,True,Mcdaniel_4de3f
Wendy_Smith@smith-webb.com,19700128,60349279,Wendy,Smith,True,Smith_85c0b
Leslie_Diaz@thomas-shelton.com,19570430,57506727,Leslie,Diaz,True,Diaz_0bd1d
Grant_Snyder@gonzales.com,19731031,23872143,Grant,Snyder,True,Snyder_d3f05
Brandi_Jenkins@miller.com,19651228,79308567,Brandi,Jenkins,True,Jenkins_27fe6
Amy_Haynes@levy.com,19600314,41563455,Amy,Haynes,True,Haynes_18bc2
John_Roberts@hendricks.com,19540315,16513279,John,Roberts,True,Roberts_d606a
Gary_Ryan@wright-yu.org,19961010,78108759,Gary,Ryan,True,Ryan_74ba2
Carrie_Nelson@archer-murphy.com,19510609,49242255,Carrie,Nelson,True,Nelson_fde1d
Jacob_Hood@evans.com,19560208,24204143,Jacob,Hood,True,Hood_bb6b9
Tracy_Charles@rowe.com,19931108,62200511,Tracy,Charles,True,Charles_02485
Brandon_Johnson@ramirez.com,19851003,60862935,Brandon,Johnson,True,Johnson_8eba4
Wendy_Nelson@day.com,19650108,59119063,Wendy,Nelson,True,Nelson_f7fc3
Melinda_Wang@west.biz,19770906,53607903,Melinda,Wang,True,Wang_5d283
Jasmine_Ramsey@jackson.com,19500407,16447279,Jasmine,Ramsey,True,Ramsey_843ef
William_Beltran@bean.com,19850313,16495975,William,Beltran,True,Beltran_b42ac
Gerald_Stuart@strong.net,19950810,98421991,Gerald,Stuart,True,Stuart_42d02
Jacob_Vaughan@martinez.com,19830908,69615007,Jacob,Vaughan,True,Vaughan_40056
Tammy_Thompson@jimenez.org,20020529,13111159,Tammy,Thompson,True,Thompson_9b317
Matthew_Fuentes@miranda.com,19660329,33411447,Matthew,Fuentes,True,Fuentes_0598c
April_Carpenter@page.com,19710929,97274415,April,Carpenter,True,Carpenter_4acee
Rachel_Garcia@neal.com,19961021,87786127,Rachel,Garcia,True,Garcia_d383b
Patrick_Madden@sanders.com,19941101,35389647,Patrick,Madden,True,Madden_d8100
Angela_Myers@rodriguez.com,19740126,59457063,Angela,Myers,True,Myers_96365
Wayne_Baker@brown.com,19671227,92067207,Wayne,Baker,True,Baker_726e6
Haley_Cox@lewis.com,19641001,27911351,Haley,Cox,True,Cox_c2d50
Dan_Sanders@klein-hernandez.com,19500813,30043759,Dan,Sanders,True,Sanders_65a5d
Jeremy_Butler@allen.biz,20010116,92810031,Jeremy,Butler,True,Butler_3fea8
Thomas_Fisher@phillips.com,19850415,99090999,Thomas,Fisher,True,Fisher_cd40a
Taylor_Lopez@jones-salazar.com,19570522,17889439,Taylor,Lopez,True,Lopez_d2a7d
Jeffrey_Macias@cox.com,19900310,98485783,Jeffrey,Macias,True,Macias_76606
Brian_Drake@hurst-price.net,19621102,83466007,Brian,Drake,True,Drake_1697c
Crystal_Fletcher@lawrence.info,19610115,34430647,Crystal,Fletcher,True,Fletcher_d66cd
Timothy_Jordan@young.com,19991228,77411263,Timothy,Jordan,True,Jordan_26d57
Kathy_Leblanc@warren-gray.com,19810227,69067343,Kathy,Leblanc,True,Leblanc_25e89
William_Floyd@duran.com,19720713,27758191,William,Floyd,True,Floyd_ee7c0
Angela_Hayden@barry.net,19960623,28574351,Angela,Hayden,True,Hayden_44dbe
Renee_Hodges@hamilton.com,19871228,63899519,Renee,Hodges,True,Hodges_c3205
Samantha_Miller@mcmahon.com,19650406,41451647,Samantha,Miller,True,Miller_b1a7b
Sandra_Houston@cruz.org,20000211,88159159,Sandra,Houston,True,Houston_81d36
Nicole_Perry@ford.info,19530822,81236407,Nicole,Perry,True,Perry_a0904
Daniel_Arnold@kaiser-robinson.info,19971009,88076335,Daniel,Arnold,True,Arnold_5b344
Leslie_Lambert@sutton-aguirre.org,19810604,97188543,Leslie,Lambert,True,Lambert_0c6fa
Lauren_Orozco@sanchez.com,20000126,71540231,Lauren,Orozco,True,Orozco_32e5d
Stacey_Walker@norton.biz,19900129,85917303,Stacey,Walker,True,Walker_f5f00
Julie_Leon@montgomery.biz,19930313,60535175,Julie,Leon,True,Leon_3a2bb
Evan_Page@harrison.org,19940808,37848247,Evan,Page,True,Page_28484
April_Owen@sanchez.com,19670923,16552967,April,Owen,True,Owen_1c1c8
Evan_Russell@ferguson.net,19590120,75209343,Evan,Russell,True,Russell_eeae9
Edward_Brooks@lane.info,20000404,92929919,Edward,Brooks,True,Brooks_5ee94
Brent_Castaneda@garcia.com,19580307,80875871,Brent,Castaneda,True,Castaneda_1e9a5
Gregory_Peters@ray.net,19900902,78256247,Gregory,Peters,True,Peters_62c2d
Matthew_Salazar@jones-jones.com,19991211,50895327,Matthew,Salazar,True,Salazar_8a391
Natasha_Martinez@west.com,19680418,55194439,Natasha,Martinez,True,Martinez_fa7cb
Charles_Powell@knight.com,19970906,47215879,Charles,Powell,True,Powell_89e26
Leah_Perez@smith-burns.biz,19750911,34266271,Leah,Perez,True,Perez_f6857
Brian_Powell@hernandez.com,19591115,67153775,Brian,Powell,True,Powell_c3379
Laura_Sandoval@brown.com,19860913,17475623,Laura,Sandoval,True,Sandoval_6592d
Charles_Gonzalez@navarro.com,19710404,94465511,Charles,Gonzalez,True,Gonzalez_bc4a4
Nicholas_Caldwell@hurley-bass.com,19770714,42525999,Nicholas,Caldwell,True,Caldwell_92d76
Brian_Wyatt@wright-young.com,19581211,63631399,Brian,Wyatt,True,Wyatt_ac546
Ryan_Garcia@vazquez-wells.com,19930815,26856535,Ryan,Garcia,True,Garcia_a540e
Joseph_Bartlett@thompson-espinoza.biz,19820215,99932903,Joseph,Bartlett,True,Bartlett_03923
Megan_Anderson@wilson-murillo.com,19700729,21736903,Megan,Anderson,True,Anderson_a86c0
Pamela_Hughes@charles-costa.com,19870613,40181295,Pamela,Hughes,True,Hughes_5403f
Tiffany_Scott@davis.com,19861110,76272207,Tiffany,Scott,True,Scott_af31d
Stanley_Conway@adams.com,19850905,71853567,Stanley,Conway,True,Conway_b17c3
Yolanda_Petty@dunlap-brown.com,19910125,69674519,Yolanda,Petty,True,Petty_89b4f
James_Lopez@werner.org,19790618,88866567,James,Lopez,True,Lopez_65a92
Kirk_Donaldson@roberts-mills.info,19791230,36131119,Kirk,Donaldson,True,Donaldson_c6b02
Tara_Jones@blankenship.net,19850303,49275455,Tara,Jones,True,Jones_7290c
Evan_Pruitt@brown.biz,19590321,55413567,Evan,Pruitt,True,Pruitt_56617
Karen_Shaw@trujillo.info,19750106,81014367,Karen,Shaw,True,Shaw_34013
George_Williams@patton.com,19810319,69991287,George,Williams,True,Williams_c20d3
Lori_Allen@valdez-phillips.com,20020916,28175727,Lori,Allen,True,Allen_8c000
Charles_Kelly@dalton.com,19690401,62777351,Charles,Kelly,True,Kelly_0c61d
Jonathan_Villa@suarez.com,19751203,80471287,Jonathan,Villa,True,Villa_19bdd
Cindy_Jackson@garcia-burch.com,19670727,60954247,Cindy,Jackson,True,Jackson_40b1b
Scott_Williams@keller-wong.com,19800308,85799255,Scott,Williams,True,Williams_10ae3
Dylan_Hernandez@singleton-johnson.com,19950301,31405951,Dylan,Hernandez,True,Hernandez_04544
John_Vazquez@rivera.biz,19620306,73810151,John,Vazquez,True,Vazquez_51496
Michele_Jones@leach-taylor.org,19910319,18146159,Michele,Jones,True,Jones_974cf
Michelle_Garcia@lynch.com,19801017,52895823,Michelle,Garcia,True,Garcia_6967c
Matthew_Bailey@benjamin.com,19870728,39436023,Matthew,Bailey,True,Bailey_255ab
Curtis_Flynn@cook-drake.com,19780926,58787463,Curtis,Flynn,True,Flynn_066c3
Thomas_Perez@greene-lopez.com,19630220,96377439,Thomas,Perez,True,Perez_7a5c3
Sheri_Kline@hinton.com,19940609,33546343,Sheri,Kline,True,Kline_e724e
Jeff_Baker@bentley.com,19670424,57871767,Jeff,Baker,True,Baker_4cd37
Robert_Johnson@burnett.org,19520518,42600607,Robert,Johnson,True,Johnson_a3713
Shannon_Thomas@dawson-alexander.com,19680903,18892279,Shannon,Thomas,True,Thomas_2a3b9
Jeffrey_Murray@jones.net,19821221,27473887,Jeffrey,Murray,True,Murray_8d3f7
Eric_Hoffman@lang.info,19750425,99871415,Eric,Hoffman,True,Hoffman_f0c23
Kristin_Wagner@clayton.com,19970129,66045343,Kristin,Wagner,True,Wagner_83f4e
Jessica_Dixon@clark.org,19660816,76336767,Jessica,Dixon,True,Dixon_d2533
David_Burton@glover-willis.org,19700402,19798095,David,Burton,True,Burton_80ddc
Nicole_Shea@mcclure.com,19560102,28795599,Nicole,Shea,True,Shea_abeb3
Alexander_Hamilton@allen-gillespie.org,19641104,28127271,Alexander,Hamilton,True,Hamilton_e7a3a
