email,date_of_birth,mobile_no,first_name,last_name,above_18
William_Dixon@woodward-fuller.biz,19860110,40601711,William,Dixon,True
Patty_Smith@ross.com,19750827,59428759,Patty,Smith,True
Kayla_Shannon@hendricks-hunter.org,19840517,51323743,Kayla,Shannon,True
Sean_Wang@gibson-calderon.com,19600311,25595367,Sean,Wang,True
Richard_Estrada@malone.com,19921015,22821527,Richard,Estrada,True
Jackson_Cline@hudson.net,19710121,48056519,Jackson,Cline,True
Allen_Williams@sanchez.net,19971109,77991519,Allen,Williams,True
Eric_Flores@dillon-patterson.com,19820107,36641663,Eric,Flores,True
Anna_Richardson@perry.com,19670223,64083047,Anna,Richardson,True
Bobby_Ward@bailey-taylor.org,19641006,64672783,Bobby,Ward,True
Taylor_Gomez@johnston.com,19821022,24007567,Taylor,Gomez,True
Jeremy_Rodriguez@roth.com,19780828,32567967,Jeremy,Rodriguez,True
April_Garcia@hall.com,19871231,24650447,April,Garcia,True
Sharon_Garza@duran.com,20020830,59411567,Sharon,Garza,True
Lori_Sanchez@hardin-warner.net,19980420,76989167,Lori,Sanchez,True
Jason_Armstrong@curtis.com,19921116,68514503,Jason,Armstrong,True
Jessica_Allison@harper.com,19721030,66821135,Jessica,Allison,True
Arthur_Hall@gonzalez.com,19940311,65493407,Arthur,Hall,True
Sherry_Meza@west.com,19970409,33491119,Sherry,Meza,True
James_Johnston@fox-brandt.org,19681016,52358919,James,Johnston,True
Matthew_Turner@martinez.com,19940707,73291455,Matthew,Turner,True
Sophia_Randolph@leonard-ramirez.com,19500807,94510479,Sophia,Randolph,True
Samuel_Thompson@sanchez-carroll.com,19840304,99063183,Samuel,Thompson,True
Zachary_Lee@smith.com,19870704,36447751,Zachary,Lee,True
Kara_Pittman@gomez-vaughn.com,19680525,80502567,Kara,Pittman,True
James_Smith@perez-cole.info,19660225,85794215,James,Smith,True
Randy_Mora@herrera-strong.biz,19931127,77326903,Randy,Mora,True
Jacqueline_Williams@bell-salas.biz,19910810,48250447,Jacqueline,Williams,True
Gabriella_Anthony@castro.com,19970106,89108943,Gabriella,Anthony,True
Elizabeth_Moore@kelley.biz,19750524,92096903,Elizabeth,Moore,True
Misty_Cantrell@flores-decker.com,19570303,79619831,Misty,Cantrell,True
Kelly_Guerrero@riggs.com,19970203,53052583,Kelly,Guerrero,True
David_Nichols@rocha.com,19620819,62269575,David,Nichols,True
Shawn_Galloway@johnston.com,19850419,17471367,Shawn,Galloway,True
Dennis_Sanford@lopez-archer.com,19800806,88084407,Dennis,Sanford,True
Leah_Myers@nichols-davies.info,19860905,65720823,Leah,Myers,True
Amanda_Murphy@bright-gibbs.net,20000730,30501351,Amanda,Murphy,True
Bobby_Martin@jackson.com,20000331,43871143,Bobby,Martin,True
Daniel_Miller@jackson.info,20000119,86343895,Daniel,Miller,True
Vernon_Bishop@clark-larson.com,19730710,78396487,Vernon,Bishop,True
Phillip_Meyers@mcneil-williams.com,19601022,95409119,Phillip,Meyers,True
Nicholas_Hubbard@day.info,19641224,36966279,Nicholas,Hubbard,True
Amanda_Richards@ramirez.biz,19701223,32284303,Amanda,Richards,True
Whitney_Wallace@valdez.info,19780930,97125103,Whitney,Wallace,True
Robert_Martin@crawford.com,19500718,78547615,Robert,Martin,True
William_Taylor@warner-morgan.net,19860131,42996791,William,Taylor,True
Michael_Brady@wells-sanders.com,19500323,65342263,Michael,Brady,True
James_Rhodes@green.com,19771010,27465295,James,Rhodes,True
Ryan_Ramirez@pham.com,19850425,67907071,Ryan,Ramirez,True
Edward_Burns@graham.org,19510618,68976471,Edward,Burns,True
Stephen_Thompson@hess.com,19511112,75033031,Stephen,Thompson,True
Allen_Rogers@lewis.org,19610305,88834151,Allen,Rogers,True
Susan_Williams@rowland.com,19761205,95688383,Susan,Williams,True
James_Mays@daniel.biz,19691013,56033271,James,Mays,True
Michelle_Johnson@smith.org,19670820,94747727,Michelle,Johnson,True
Dylan_Johnson@montgomery.com,19960107,52048815,Dylan,Johnson,True
Pamela_King@soto.net,19930929,72515095,Pamela,King,True
Robert_Smith@joyce.com,19870424,76366335,Robert,Smith,True
Samantha_Gonzalez@rios-fletcher.com,19980829,40456647,Samantha,Gonzalez,True
Adam_Huang@brown.info,19991030,19505759,Adam,Huang,True
Michael_Johnson@smith.biz,19950423,50520919,Michael,Johnson,True
Jeffery_Walker@watson.com,19560624,46574799,Jeffery,Walker,True
Todd_Alvarez@vaughn.com,19741125,42011263,Todd,Alvarez,True
John_Henry@blake.info,19670306,49860879,John,Henry,True
Brett_Willis@gibbs.com,19610908,86342007,Brett,Willis,True
Kristin_Wilkins@harvey.com,20020511,84393855,Kristin,Wilkins,True
Joshua_Lynch@daniels.com,19650526,71572839,Joshua,Lynch,True
Deborah_Williams@howard.com,19841121,11357647,Deborah,Williams,True
Timothy_Martin@camacho-sparks.net,20030501,92008191,Timothy,Martin,True
Brandon_Marshall@thompson.org,19860415,12250471,Brandon,Marshall,True
Sarah_Bright@winters.com,19981115,24327743,Sarah,Bright,True
Rebecca_Anderson@carter-ramirez.com,19730827,27023231,Rebecca,Anderson,True
Roger_Frost@cole-robinson.com,19700217,94120431,Roger,Frost,True
Eric_Dunn@reese.com,19601207,13714207,Eric,Dunn,True
Heather_Pierce@williams-edwards.com,19570813,32413999,Heather,Pierce,True
Jordan_Erickson@martinez.com,19750802,64756655,Jordan,Erickson,True
James_Johnson@greene.biz,20021216,21476871,James,Johnson,True
Kendra_Dawson@hernandez.biz,19510407,82622519,Kendra,Dawson,True
Susan_Ali@leach.com,19990105,74229143,Susan,Ali,True
Thomas_Anderson@perez.biz,19840307,75106319,Thomas,Anderson,True
Richard_Wilson@hernandez.com,19990703,36349175,Richard,Wilson,True
Jon_Butler@blackwell.com,19870318,78121695,Jon,Butler,True
Rose_Stanton@coleman.info,19650830,19285375,Rose,Stanton,True
Paul_Phillips@vance.com,19970216,11213063,Paul,Phillips,True
Adam_Parker@yoder.com,19980722,27783391,Adam,Parker,True
Cory_Walker@torres.net,19621208,37614935,Cory,Walker,True
Rebecca_Thompson@ferrell.biz,19980720,98761031,Rebecca,Thompson,True
Jessica_Moore@mooney.biz,19610212,43701951,Jessica,Moore,True
Jeffrey_Sanchez@jones-butler.com,19950914,73226919,Jeffrey,Sanchez,True
Bianca_Martin@mitchell.com,19780205,86924127,Bianca,Martin,True
Jeffrey_King@hicks-boyd.com,19770623,68622991,Jeffrey,King,True
Levi_Vaughn@mason.biz,19531124,20939863,Levi,Vaughn,True
George_Stark@ortiz.info,19700414,45068735,George,Stark,True
Melanie_Wiggins@mcdonald-rice.com,20000214,91699615,Melanie,Wiggins,True
Daniel_Smith@cummings.com,19860308,26613823,Daniel,Smith,True
April_Taylor@johnson-hayes.biz,19550314,27461167,April,Taylor,True
Scott_Lawrence@aguilar.com,19760104,59217375,Scott,Lawrence,True
James_Sosa@robles-hawkins.com,19570811,47053447,James,Sosa,True
Jamie_Jackson@carr.com,19770526,71512687,Jamie,Jackson,True
Roberto_Sparks@pope.biz,19790706,88401951,Roberto,Sparks,True
Jeffrey_Hatfield@morgan-erickson.com,19701014,69441735,Jeffrey,Hatfield,True
James_Phillips@green-taylor.com,19611019,89808183,James,Phillips,True
Jessica_Moore@harrison-bautista.com,19990905,27155335,Jessica,Moore,True
Richard_Anderson@peck-franklin.com,19700405,24730327,Richard,Anderson,True
Lauren_Hahn@simmons.com,19720620,15132727,Lauren,Hahn,True
Matthew_Lucero@bowers-pham.info,19900508,52221639,Matthew,Lucero,True
Faith_Edwards@price.net,19770726,44653063,Faith,Edwards,True
Laura_Vargas@gallagher-young.com,19770910,40816943,Laura,Vargas,True
Sarah_Lewis@wyatt.com,19810225,37945839,Sarah,Lewis,True
Brad_Huff@moore.com,19611227,28207575,Brad,Huff,True
Alexander_Richardson@perez.com,19581025,34675335,Alexander,Richardson,True
Matthew_Moore@nichols.com,20030707,66391671,Matthew,Moore,True
Kerry_Branch@mays.biz,19740423,66079175,Kerry,Branch,True
Joseph_Howard@williams.com,19520726,46746383,Joseph,Howard,True
Anne_Richards@mccarthy.com,19690609,84963423,Anne,Richards,True
Derek_Thomas@green.com,19640724,37329863,Derek,Thomas,True
Joseph_Bonilla@freeman.com,19740508,66912183,Joseph,Bonilla,True
Gary_Barber@roberts.net,19551112,44790343,Gary,Barber,True
Brian_Johnson@carr.com,19810617,76631695,Brian,Johnson,True
Christine_Peterson@hamilton.com,19741119,57627175,Christine,Peterson,True
Christopher_Bautista@rodgers.com,19940212,48834663,Christopher,Bautista,True
Randy_Rodriguez@lopez.org,19811019,80174711,Randy,Rodriguez,True
Barbara_Krueger@strong.com,19520322,30905343,Barbara,Krueger,True
Brian_Curtis@higgins.biz,19661020,55737919,Brian,Curtis,True
Brian_Brown@anderson.org,19541009,98374567,Brian,Brown,True
Monica_Oconnor@gordon.com,19800107,97887295,Monica,Oconnor,True
Peggy_Johnson@berg.com,19720328,34795631,Peggy,Johnson,True
Susan_Herrera@gomez.com,19550826,24027735,Susan,Herrera,True
Andrew_Matthews@ramos-vaughn.com,19880219,90821359,Andrew,Matthews,True
Erin_Kennedy@hendricks-mason.com,19650109,35865639,Erin,Kennedy,True
Jason_Lopez@wood-hill.com,19740830,11287127,Jason,Lopez,True
Jerry_Clark@perez.com,19950928,46859655,Jerry,Clark,True
Alyssa_Kim@beck-zuniga.com,19901108,59732335,Alyssa,Kim,True
Courtney_Williams@garner.com,19990919,27598999,Courtney,Williams,True
Adrian_Price@soto-diaz.biz,19710616,73308247,Adrian,Price,True
Brooke_Johnson@tyler.org,19910415,55029023,Brooke,Johnson,True
Melissa_Wood@sharp.info,19720205,76325591,Melissa,Wood,True
Matthew_Nelson@hunt.com,19580127,45515247,Matthew,Nelson,True
Michael_Murphy@warren.biz,19780508,97486607,Michael,Murphy,True
Robert_Moore@young.com,19550415,19512199,Robert,Moore,True
Kelly_Rogers@carr.info,19940920,47022791,Kelly,Rogers,True
Nicole_Mcgee@reyes.com,19590303,34539135,Nicole,Mcgee,True
Danielle_Hunter@ballard.com,19710811,99947039,Danielle,Hunter,True
Kelly_Perez@ward-wilson.com,19600519,60614735,Kelly,Perez,True
Mary_Odom@morgan-reynolds.com,19630813,98738367,Mary,Odom,True
Stacy_Hansen@braun.biz,19810615,59308935,Stacy,Hansen,True
Arthur_Gibson@thompson-thompson.com,19610306,75411807,Arthur,Gibson,True
Tina_Fitzpatrick@marshall-howard.org,19520205,11883967,Tina,Fitzpatrick,True
Andrea_Page@murphy-nelson.info,19720326,59221239,Andrea,Page,True
Nathan_Nielsen@smith-coleman.info,19570325,22721639,Nathan,Nielsen,True
Christopher_Miller@kelly.com,19850131,16222031,Christopher,Miller,True
Charles_Mendoza@watts.org,19521109,56858727,Charles,Mendoza,True
Amber_Hopkins@hall.com,19750831,15289039,Amber,Hopkins,True
Nancy_Garcia@lewis-hayden.com,19680305,62971303,Nancy,Garcia,True
Alex_Rhodes@russell.net,19780913,75808519,Alex,Rhodes,True
Daniel_Bennett@stephens-oneill.com,19730228,20776023,Daniel,Bennett,True
Kevin_Woodard@lynch.com,19550809,30319911,Kevin,Woodard,True
Alan_Peterson@burch.com,19760129,88993663,Alan,Peterson,True
Jacob_Grant@cummings.com,19911204,94196575,Jacob,Grant,True
Gabrielle_Johnson@serrano.com,19580610,35424207,Gabrielle,Johnson,True
Caleb_Morales@collins.com,19660329,69459679,Caleb,Morales,True
James_Dominguez@black.com,19881205,49527207,James,Dominguez,True
Kathryn_Cardenas@skinner.com,19830508,81016239,Kathryn,Cardenas,True
Angel_Johnson@anderson.info,19571128,12270279,Angel,Johnson,True
Jeffrey_Santiago@duncan.com,19750228,93827623,Jeffrey,Santiago,True
Andrew_Mclaughlin@fitzpatrick-lucas.com,19730514,66417719,Andrew,Mclaughlin,True
Bryan_Porter@elliott.com,19570214,88089671,Bryan,Porter,True
Brendan_Smith@williams.com,19580516,67839775,Brendan,Smith,True
Paul_Allen@jacobs-walker.info,19681110,44110375,Paul,Allen,True
Adam_Morales@simpson-velazquez.info,19910404,12197423,Adam,Morales,True
Jeffrey_Hernandez@mcdaniel.com,19891231,76263607,Jeffrey,Hernandez,True
Michael_Miller@taylor-moore.com,19640520,17581687,Michael,Miller,True
Theresa_Newman@perry-scott.com,19941129,36575799,Theresa,Newman,True
Michael_Brady@miller.biz,19830113,56592895,Michael,Brady,True
Paul_Romero@middleton-jones.com,19601007,98843943,Paul,Romero,True
Janet_Choi@neal.com,19860718,66675695,Janet,Choi,True
Mark_Bender@oneal-wilkins.com,19690911,27354911,Mark,Bender,True
Abigail_Brown@jones-underwood.com,19800810,15726143,Abigail,Brown,True
Brian_Pham@allen.info,19860127,35052023,Brian,Pham,True
Timothy_Nguyen@johnson-jacobs.biz,20011129,68379127,Timothy,Nguyen,True
Antonio_Dominguez@nichols.com,19801115,75861007,Antonio,Dominguez,True
Tony_Morris@davis.com,19700805,33280551,Tony,Morris,True
Randy_Carlson@rivera.com,19550530,51211679,Randy,Carlson,True
Mitchell_Pierce@houston-conway.net,20010824,96845551,Mitchell,Pierce,True
Angela_West@anderson-fitzgerald.com,19810427,59397207,Angela,West,True
Tina_Weaver@hoffman-clarke.info,19870325,47969919,Tina,Weaver,True
Kevin_Peters@edwards.com,19670602,28855487,Kevin,Peters,True
Benjamin_Conway@burton-paul.com,19551228,23338319,Benjamin,Conway,True
Andrew_Stewart@wong.com,19511202,19799879,Andrew,Stewart,True
Brenda_Jones@lang.com,19550804,62608823,Brenda,Jones,True
Shane_Bradley@pratt-roberts.info,19760510,32566207,Shane,Bradley,True
Elizabeth_Bailey@stephenson-arnold.com,19630101,20218071,Elizabeth,Bailey,True
Kelly_Levy@barajas.com,19940805,74468255,Kelly,Levy,True
Thomas_Burton@dunn-avery.net,19750419,14613071,Thomas,Burton,True
Amber_Sims@murphy.biz,19730327,43947559,Amber,Sims,True
Paul_Peterson@bullock.com,20021225,59148863,Paul,Peterson,True
Tiffany_Carrillo@hoover-brown.org,19930516,72843351,Tiffany,Carrillo,True
Donna_Lewis@myers-dominguez.org,19800422,86779671,Donna,Lewis,True
Douglas_Morgan@fritz-duncan.biz,19520320,51636655,Douglas,Morgan,True
Devon_Roberts@lewis.biz,20031030,81450999,Devon,Roberts,True
Michael_Reilly@cooper.net,19720514,33876967,Michael,Reilly,True
Alejandra_Martinez@jones.com,19791221,87381327,Alejandra,Martinez,True
Timothy_Sanders@harrell.com,19521003,63453583,Timothy,Sanders,True
Latoya_Little@martinez.com,19780708,43404335,Latoya,Little,True
Sarah_Harvey@martin-smith.com,19600331,58520471,Sarah,Harvey,True
Melissa_Ortiz@lee-malone.com,19580729,49637727,Melissa,Ortiz,True
Brooke_Hernandez@benitez.com,19911114,97309975,Brooke,Hernandez,True
Lisa_Livingston@glover.com,19500423,20519415,Lisa,Livingston,True
Eugene_Mason@gardner.com,19781213,47810855,Eugene,Mason,True
Daniel_Cunningham@cooper.com,19730326,78657983,Daniel,Cunningham,True
Victor_Marsh@smith-olson.org,19710908,52026823,Victor,Marsh,True
Alex_Smith@johnson.com,20020503,58965703,Alex,Smith,True
Jessica_Vargas@miller-price.net,19810517,48925903,Jessica,Vargas,True
Olivia_Clark@wade-roberson.com,19741001,67793735,Olivia,Clark,True
Benjamin_Griffin@brown.org,19620129,17280391,Benjamin,Griffin,True
Cathy_Carney@williams.net,19970522,31104151,Cathy,Carney,True
Haley_Baldwin@bush-wolfe.com,19650413,31940631,Haley,Baldwin,True
Alexander_Wilson@barron-garcia.com,19881111,13893319,Alexander,Wilson,True
April_Cole@vargas.com,19610622,65186503,April,Cole,True
Holly_Riley@stokes.com,19740728,55620431,Holly,Riley,True
Jeffrey_Poole@cross.com,19570204,82077439,Jeffrey,Poole,True
Rachel_Poole@jones.net,19760807,35095087,Rachel,Poole,True
Sheena_Ward@wilson-mcbride.com,19730926,96834175,Sheena,Ward,True
Cynthia_Smith@smith.com,19510509,48760255,Cynthia,Smith,True
James_Davidson@brown.info,19551214,67973167,James,Davidson,True
Kevin_Clayton@miller.com,19750807,25081071,Kevin,Clayton,True
Sarah_Coleman@novak.com,19500119,37411775,Sarah,Coleman,True
Cody_Becker@hansen.com,19601216,76003567,Cody,Becker,True
Molly_Miller@king-kelly.net,19770511,99947663,Molly,Miller,True
Craig_Bailey@hancock-brown.com,19970713,33032303,Craig,Bailey,True
Patricia_Gray@dawson.com,19660319,18281751,Patricia,Gray,True
Thomas_Nelson@brandt.info,19931002,12978607,Thomas,Nelson,True
Robert_Rivera@gibson.com,19500722,35020847,Robert,Rivera,True
Michelle_Lewis@wiggins-thornton.com,19830121,64700455,Michelle,Lewis,True
John_Owens@callahan.com,19670424,71230983,John,Owens,True
Sarah_Smith@kirk.com,19680804,22702359,Sarah,Smith,True
Nancy_Lucas@aguilar.com,19830607,91477863,Nancy,Lucas,True
Thomas_Horne@floyd.info,19710718,82457007,Thomas,Horne,True
Cathy_Todd@acevedo.biz,19640421,74009191,Cathy,Todd,True
Vicki_Harmon@fry.org,19880902,20227951,Vicki,Harmon,True
Christina_Murray@collins-day.com,19791217,35027583,Christina,Murray,True
Emma_Berry@charles.com,19940107,34612959,Emma,Berry,True
Christopher_Gross@grimes.net,20031114,49217831,Christopher,Gross,True
Jason_Hawkins@adams-hunter.com,19541001,31750255,Jason,Hawkins,True
Jeffrey_Rodriguez@johnson-white.com,19690718,29947599,Jeffrey,Rodriguez,True
Joseph_Bond@may.biz,19610827,58099375,Joseph,Bond,True
Christina_Miller@marshall-lucas.com,19530425,92153503,Christina,Miller,True
Joann_Patel@king.info,20031113,83570903,Joann,Patel,True
Donna_Harris@walter.biz,20030614,54582023,Donna,Harris,True
Lori_Morales@snow-boyd.biz,19701012,46595111,Lori,Morales,True
Maria_Miller@roberts.com,19941221,86317751,Maria,Miller,True
Eileen_Davis@knox.com,19520404,19544735,Eileen,Davis,True
Nicole_Rivas@liu.org,19941124,45622759,Nicole,Rivas,True
Harry_Miller@warner-jackson.com,19890613,63478047,Harry,Miller,True
Robert_Hunter@foster-woodward.info,19761021,80356607,Robert,Hunter,True
Ellen_Montes@sellers.com,19610714,16519759,Ellen,Montes,True
Gregory_Mclean@valencia.com,19610801,38860951,Gregory,Mclean,True
Angela_Spencer@lopez.com,19980502,18410783,Angela,Spencer,True
Christina_Price@kennedy-tran.com,19860805,65381695,Christina,Price,True
Amber_Randall@boyd-freeman.net,19520910,60506343,Amber,Randall,True
Matthew_Morris@boyle-novak.com,19981111,49822607,Matthew,Morris,True
Cindy_Blackburn@bolton.net,20001008,86098071,Cindy,Blackburn,True
Matthew_Jacobson@bishop-thomas.com,19510412,99110191,Matthew,Jacobson,True
Stacy_Jones@perez.com,19940909,71998399,Stacy,Jones,True
Mike_Hudson@wilson-snyder.info,19860807,75936847,Mike,Hudson,True
Antonio_Gray@jackson-bell.org,19710315,56973759,Antonio,Gray,True
Scott_Zimmerman@fischer.com,19560130,70071511,Scott,Zimmerman,True
Dakota_Silva@barker-miller.com,19791007,41853599,Dakota,Silva,True
Cynthia_Crawford@miller-fowler.org,19650925,97822935,Cynthia,Crawford,True
Jacob_Spencer@jefferson.net,19620226,41992359,Jacob,Spencer,True
Shawn_Shelton@dixon.biz,19630124,62583727,Shawn,Shelton,True
Matthew_Oliver@mitchell.com,19720423,14016935,Matthew,Oliver,True
Roger_Maddox@richards.com,19810426,86988519,Roger,Maddox,True
Patricia_Martinez@stewart.info,19621202,61469863,Patricia,Martinez,True
Bryan_Gutierrez@short-huerta.net,19881118,84795039,Bryan,Gutierrez,True
Sylvia_Moon@mcintyre.biz,20030725,37974511,Sylvia,Moon,True
Sharon_Young@cordova.biz,19920204,57220335,Sharon,Young,True
Peter_Schultz@shah.com,19570829,78301895,Peter,Schultz,True
Justin_Burke@johnson.com,19961202,43401655,Justin,Burke,True
Karen_Erickson@roman.org,19781004,68245335,Karen,Erickson,True
Sarah_Ramsey@hayes.com,19640622,63376279,Sarah,Ramsey,True
Michael_Chang@watkins.com,19900209,99632783,Michael,Chang,True
Pamela_Hughes@rivas-garza.com,19570116,32117783,Pamela,Hughes,True
Darius_Phillips@mercado.biz,20020614,16737247,Darius,Phillips,True
Jimmy_Morris@hall-watkins.com,19640120,31836895,Jimmy,Morris,True
Hailey_Miller@gay.org,19710217,44016239,Hailey,Miller,True
Lauren_Romero@davis.com,20020425,50100783,Lauren,Romero,True
Adam_Jones@kline-reeves.com,19570107,83246639,Adam,Jones,True
Matthew_Murphy@graham.com,19600216,18189831,Matthew,Murphy,True
Jessica_Arroyo@flores-evans.com,20021019,24971015,Jessica,Arroyo,True
Caleb_Zuniga@stone.net,19681028,36180711,Caleb,Zuniga,True
Scott_Bonilla@jones-holmes.info,19861002,81577447,Scott,Bonilla,True
Cheyenne_Moreno@hampton.com,19600912,61341887,Cheyenne,Moreno,True
Courtney_Lopez@sanders.com,19710810,35323391,Courtney,Lopez,True
Kenneth_Williamson@perez.com,19541003,36169599,Kenneth,Williamson,True
Bruce_Browning@robertson-baldwin.com,19631113,22984503,Bruce,Browning,True
Jeremiah_Robertson@brooks-patrick.info,19621012,38471223,Jeremiah,Robertson,True
Shannon_Gilbert@brown-schaefer.com,19920613,34472903,Shannon,Gilbert,True
Amanda_Brown@williams.com,19541218,52400391,Amanda,Brown,True
Riley_Gomez@hoffman.com,19810211,20838807,Riley,Gomez,True
Shelby_Price@fuller.net,19860807,74350543,Shelby,Price,True
Scott_Harris@mullins.com,19901214,36307567,Scott,Harris,True
Bonnie_Franklin@gillespie.com,19880714,22008807,Bonnie,Franklin,True
Ashley_Morris@marshall.net,20021001,13085855,Ashley,Morris,True
Joe_Moody@johnson-watts.biz,19990405,97781031,Joe,Moody,True
Robert_Cabrera@kim.org,19950706,99768879,Robert,Cabrera,True
Jack_Jensen@kent-williamson.net,19601229,93571087,Jack,Jensen,True
Daniel_Armstrong@brown.com,19820714,18991247,Daniel,Armstrong,True
Susan_Donovan@jordan-anderson.com,19690130,85222335,Susan,Donovan,True
Michael_Powell@mccall.com,19941127,63894311,Michael,Powell,True
Alexander_Lowe@morris.com,19610508,93074023,Alexander,Lowe,True
