email,date_of_birth,mobile_no,first_name,last_name,above_18
Sherry_Gonzalez@caldwell.biz,19730314,66744895,Sherry,Gonzalez,True
David_Brown@jackson-smith.biz,20010922,69082983,David,Brown,True
Denise_Glass@calderon.org,19820531,77863943,Denise,Glass,True
Lori_Zimmerman@smith-bradley.biz,19980217,14572007,Lori,Zimmerman,True
Aaron_Wilson@burke-benton.net,19870517,75053391,Aaron,Wilson,True
Evan_Bradford@may.biz,19551101,28249239,Evan,Bradford,True
Samuel_Lee@gardner-rodriguez.net,19740902,57636831,Samuel,Lee,True
Rebekah_Jackson@cook.info,19680514,14674871,Rebekah,Jackson,True
Jennifer_Weaver@patterson.com,19781015,74152151,Jennifer,Weaver,True
Amber_Smith@ho.biz,19681229,54476327,Amber,Smith,True
Leonard_Hamilton@brown.com,19880229,76082775,Leonard,Hamilton,True
Kathy_Phillips@floyd.com,19841216,57829247,Kathy,Phillips,True
Derek_Romero@ramos.org,19670806,35013079,Derek,Romero,True
Jennifer_Jimenez@morgan.com,19921121,59592559,Jennifer,Jimenez,True
Wesley_Combs@bright-zimmerman.biz,19651230,43019751,Wesley,Combs,True
Charles_Shields@oliver.org,19790407,54884063,Charles,Shields,True
Christopher_Cline@conrad.org,19580228,21240567,Christopher,Cline,True
Victoria_Lawson@snyder.com,19541204,24045823,Victoria,Lawson,True
Christopher_Newman@campbell.info,19950925,93133527,Christopher,Newman,True
Michael_Martinez@hogan.net,19521107,40271975,Michael,Martinez,True
Kelly_Bailey@cherry.info,19960217,43647431,Kelly,Bailey,True
Paul_Jones@clark-irwin.com,19940215,91301999,Paul,Jones,True
Danielle_Tran@mann.com,19880826,85246679,Danielle,Tran,True
Jeff_Freeman@guzman.com,20030520,13590655,Jeff,Freeman,True
Justin_White@lucas-moore.info,20010721,34278303,Justin,White,True
Rachel_Browning@smith.info,19611017,19703607,Rachel,Browning,True
Marissa_Jones@lewis.net,19580806,32094119,Marissa,Jones,True
Elijah_Roy@jones-baldwin.com,19870705,57159015,Elijah,Roy,True
John_Fernandez@may.org,19800530,17232207,John,Fernandez,True
Courtney_Simpson@preston-cantrell.com,19731103,77314887,Courtney,Simpson,True
Kimberly_Hopkins@adams.com,19931022,67364511,Kimberly,Hopkins,True
William_King@cline-allen.com,19841115,21561215,William,King,True
Christopher_Lester@keller.org,19540405,79532575,Christopher,Lester,True
Stephanie_Robertson@owen-rodriguez.com,20020805,75259367,Stephanie,Robertson,True
Rickey_Hill@parker-cohen.com,19640430,56465207,Rickey,Hill,True
Erika_Stewart@solis.com,19851226,83552695,Erika,Stewart,True
Alicia_Dean@leon.org,19820716,32173895,Alicia,Dean,True
Christina_Johnson@clark.com,20010622,30262983,Christina,Johnson,True
Jimmy_Hall@spence-knapp.biz,19550930,45553567,Jimmy,Hall,True
Kelli_Wells@jones.com,19540308,27406215,Kelli,Wells,True
Gary_Murphy@singleton.info,19991012,96047135,Gary,Murphy,True
Nathan_Archer@gray.com,19560723,72954367,Nathan,Archer,True
Andrew_Gibson@yu-richardson.org,19530908,15513119,Andrew,Gibson,True
Ian_Deleon@mullins-espinoza.org,19860307,36389911,Ian,Deleon,True
Michael_Kline@phelps-alvarez.com,19650623,20968343,Michael,Kline,True
Jay_Merritt@patterson.org,19841017,46065855,Jay,Merritt,True
Joshua_Rodriguez@thornton-benitez.com,19530317,27953967,Joshua,Rodriguez,True
James_Rodriguez@logan.com,19810717,50981423,James,Rodriguez,True
Robert_Ortega@perez.com,19600316,57040695,Robert,Ortega,True
Teresa_Ruiz@holmes.com,19510904,22432447,Teresa,Ruiz,True
Madison_Mejia@sims.com,19530323,73824679,Madison,Mejia,True
Brittany_Joyce@thomas.biz,19601114,65804583,Brittany,Joyce,True
James_Bailey@flynn.net,19861007,26146743,James,Bailey,True
Mary_Perry@williams.net,19730808,57879711,Mary,Perry,True
Crystal_Jones@webb.com,19620914,39588047,Crystal,Jones,True
Aaron_Brown@yates.com,19860502,43815191,Aaron,Brown,True
Kathleen_Flynn@boyd-king.biz,19870913,93605471,Kathleen,Flynn,True
Tanya_Barajas@davis.com,19740430,92793871,Tanya,Barajas,True
Samantha_Rasmussen@stokes-leon.com,19940621,26634223,Samantha,Rasmussen,True
Vincent_Martin@wright-lee.com,19840124,55457087,Vincent,Martin,True
Tony_Crawford@moore.com,19870818,15997263,Tony,Crawford,True
Randy_Sullivan@perez.net,19611025,15665967,Randy,Sullivan,True
Erica_Pruitt@ross-lamb.biz,19800923,31838831,Erica,Pruitt,True
Kimberly_Thompson@brewer-walters.net,20001211,88531623,Kimberly,Thompson,True
Martin_Compton@morgan.com,19840602,42037887,Martin,Compton,True
Hayley_Gibson@calderon.info,19990812,50365367,Hayley,Gibson,True
Kenneth_Cortez@lewis.biz,20000518,39338615,Kenneth,Cortez,True
Tracy_Brown@joyce.com,19720823,26044711,Tracy,Brown,True
Brenda_Turner@hampton.org,19550726,94128415,Brenda,Turner,True
Matthew_Brown@owens.org,19720606,21970879,Matthew,Brown,True
Christopher_Greene@berry.org,19880101,82039695,Christopher,Greene,True
Leslie_Preston@johns.com,19720510,71892959,Leslie,Preston,True
Jay_Parker@fowler.net,19930930,57583783,Jay,Parker,True
Lance_Williams@williams.net,19730807,19310567,Lance,Williams,True
Christian_Peterson@arnold.biz,19760222,41536527,Christian,Peterson,True
Kathleen_Allen@cook.com,19860113,38829559,Kathleen,Allen,True
Marie_Lamb@hampton.com,19790410,26841263,Marie,Lamb,True
Nathan_Flores@gibbs.net,19790409,86883135,Nathan,Flores,True
Brandon_Gonzalez@moore.info,19620131,80247655,Brandon,Gonzalez,True
Chase_Reed@robbins.info,19580821,58795239,Chase,Reed,True
Timothy_Nichols@smith.biz,19680601,76207631,Timothy,Nichols,True
Ashley_Caldwell@mason-bryant.com,19880903,13420663,Ashley,Caldwell,True
William_Dunn@wilkins.info,19570101,57063847,William,Dunn,True
Jon_James@owens.biz,19750120,53852103,Jon,James,True
Lindsay_Brewer@brown-stewart.info,19530818,38137071,Lindsay,Brewer,True
Renee_Martin@crawford-walker.com,19810421,55803823,Renee,Martin,True
Shelly_Warren@patterson-knight.info,19560812,11973823,Shelly,Warren,True
Keith_Parker@moore.com,19640826,40120471,Keith,Parker,True
Thomas_Turner@boyer-santos.info,19730528,12514951,Thomas,Turner,True
Edward_Pearson@hester-richardson.info,19880227,49439343,Edward,Pearson,True
Melissa_Levy@arroyo.com,19500330,51842935,Melissa,Levy,True
Brandon_Powell@craig-gonzales.net,19760606,43375815,Brandon,Powell,True
Vanessa_Alvarez@allen.org,20000924,42263183,Vanessa,Alvarez,True
Kimberly_Stone@murphy-bryant.com,19940512,25323999,Kimberly,Stone,True
Adam_Jones@ashley.com,19730316,55082935,Adam,Jones,True
Elizabeth_Andersen@baker.com,19740123,69096535,Elizabeth,Andersen,True
Destiny_Lutz@thompson-wright.com,19940412,87853607,Destiny,Lutz,True
Brandy_Allen@hardy-griffin.com,19810113,92130799,Brandy,Allen,True
Stephanie_Decker@barrett.net,19770905,92626639,Stephanie,Decker,True
Michelle_Keller@johnson.com,19510607,56139711,Michelle,Keller,True
Loretta_Haynes@stewart.info,19891215,73871583,Loretta,Haynes,True
Stacey_Yates@lewis.com,19921208,30115967,Stacey,Yates,True
Sue_Lee@rojas.com,19860829,97367575,Sue,Lee,True
Anna_Long@coleman.com,19740316,52566967,Anna,Long,True
Annette_Watson@brown-brennan.com,19580423,67851175,Annette,Watson,True
James_Thomas@torres.net,19520509,58718239,James,Thomas,True
Kelli_Olson@campbell.net,19960723,50265023,Kelli,Olson,True
Nicholas_Hughes@reed-wilson.org,19620408,27277679,Nicholas,Hughes,True
Wesley_Lowery@suarez.biz,19980620,33838415,Wesley,Lowery,True
Becky_Reid@vargas.net,19751027,37025287,Becky,Reid,True
Corey_Mitchell@turner-thompson.org,19560302,65463735,Corey,Mitchell,True
Wesley_Shaw@henderson-gibson.com,19830121,76819471,Wesley,Shaw,True
Pamela_Boyd@freeman.com,19680628,25030751,Pamela,Boyd,True
Jeremy_Lewis@murray.com,19530107,44159519,Jeremy,Lewis,True
Jennifer_Garza@herrera-klein.com,19890603,31999455,Jennifer,Garza,True
Chelsea_Chen@coleman-haney.biz,19870405,63416567,Chelsea,Chen,True
Joseph_Perry@tucker.com,19510616,16254071,Joseph,Perry,True
Heather_Herman@williams-lindsey.com,19710606,97877423,Heather,Herman,True
Travis_Johnson@miller-rivera.org,19960805,56146735,Travis,Johnson,True
Laura_Lopez@rodriguez.com,19901221,72627367,Laura,Lopez,True
Jeff_Wilson@booker.biz,19501207,20197287,Jeff,Wilson,True
Reginald_Barnes@walker-robinson.com,19730214,19884399,Reginald,Barnes,True
Kayla_Brown@pierce.info,19891018,54681543,Kayla,Brown,True
Robert_Weaver@young-leonard.com,19820218,39131199,Robert,Weaver,True
Beth_Martinez@johnson.com,19681225,87909191,Beth,Martinez,True
Spencer_Ware@montgomery-lane.com,19801009,74599951,Spencer,Ware,True
Willie_Erickson@bartlett.com,19910110,53673855,Willie,Erickson,True
Robert_Howard@kim.info,19670717,80566095,Robert,Howard,True
Katherine_Smith@bean-king.org,20031029,44340415,Katherine,Smith,True
Mariah_Garrison@hogan.biz,19971215,31527511,Mariah,Garrison,True
Daniel_Nguyen@mccall.com,19590903,37673823,Daniel,Nguyen,True
Daniel_Brown@williams-schneider.biz,19650228,38844959,Daniel,Brown,True
Madeline_Sandoval@schultz-duncan.biz,19870204,32032871,Madeline,Sandoval,True
Robert_Dickerson@howard.biz,19570725,43682807,Robert,Dickerson,True
Leonard_Martinez@mcbride.com,19560922,14452319,Leonard,Martinez,True
Jamie_Higgins@francis.org,19611014,27639911,Jamie,Higgins,True
Robert_Stephens@lopez.com,20000619,92784815,Robert,Stephens,True
Jennifer_Evans@gonzalez.org,19730302,72801079,Jennifer,Evans,True
Daniel_Chen@little.com,19520716,46750383,Daniel,Chen,True
Samuel_Dalton@marquez.com,19960916,75194711,Samuel,Dalton,True
Heather_Bennett@hamilton-blair.com,20020105,64795847,Heather,Bennett,True
Joshua_King@hale.net,20000106,99342223,Joshua,King,True
Jasmine_Flores@collins.info,19561004,21325447,Jasmine,Flores,True
Crystal_Blake@parker.com,19701117,97878511,Crystal,Blake,True
Beth_Morales@leon-mayer.info,19860530,22507695,Beth,Morales,True
Joseph_Wilson@rogers.biz,19891210,36511255,Joseph,Wilson,True
Amanda_Evans@cox.com,19590224,92559519,Amanda,Evans,True
Trevor_Valenzuela@cline-espinoza.info,19910911,67310711,Trevor,Valenzuela,True
Sergio_Day@guzman-garrett.com,19510531,27091295,Sergio,Day,True
Julie_Boyd@white-george.com,19690906,47949079,Julie,Boyd,True
Logan_Watkins@hernandez.com,20000511,87081215,Logan,Watkins,True
Steven_Ortiz@hamilton.com,19670605,15073183,Steven,Ortiz,True
Lisa_Marquez@day-smith.com,19710326,18443671,Lisa,Marquez,True
Jennifer_Martin@moore.com,19830527,83212175,Jennifer,Martin,True
Arthur_Chandler@martin.com,19610210,18438007,Arthur,Chandler,True
Ronald_Hudson@carson.com,19511003,66192423,Ronald,Hudson,True
Jennifer_Lee@guerra-lopez.com,19500104,35305031,Jennifer,Lee,True
Gregory_Yoder@robinson-johnson.com,19530620,75705319,Gregory,Yoder,True
Carolyn_Harmon@watts-horn.com,19980124,55977599,Carolyn,Harmon,True
Christopher_Harrell@lindsey.com,19700630,52999479,Christopher,Harrell,True
Kevin_Johnson@rogers.com,19930802,15154639,Kevin,Johnson,True
Michael_Harrison@franklin.com,19510819,29087871,Michael,Harrison,True
Megan_Montoya@perez-rice.org,19780907,29894903,Megan,Montoya,True
Samantha_George@golden.info,19890331,58989271,Samantha,George,True
Terry_Moore@barker-ayers.com,19870615,19828167,Terry,Moore,True
James_Rogers@green.net,19930704,65821255,James,Rogers,True
Kathleen_Tran@wilson.net,19740211,20044927,Kathleen,Tran,True
Bryan_Martinez@bennett-mitchell.info,19610406,45478631,Bryan,Martinez,True
Jacqueline_Conway@robinson-carson.com,19710617,91842383,Jacqueline,Conway,True
Maxwell_Cole@larson.com,19510203,41796463,Maxwell,Cole,True
Bethany_Williamson@flores.com,19540310,40227935,Bethany,Williamson,True
Joseph_Wright@powell.net,19570521,40768583,Joseph,Wright,True
Heidi_Bolton@spencer.com,19560616,58079023,Heidi,Bolton,True
Daniel_Lewis@robertson.com,19770205,48084439,Daniel,Lewis,True
Dale_Ramirez@patton.com,19550323,59875791,Dale,Ramirez,True
Carol_Sharp@garcia-lamb.com,19750312,18014567,Carol,Sharp,True
Joseph_Buck@jacobs.com,19520311,34270063,Joseph,Buck,True
Lynn_Anderson@williams-carter.com,19960113,75488911,Lynn,Anderson,True
James_Frost@graves.biz,19560322,30684495,James,Frost,True
Sarah_Harris@thomas-sanchez.com,20010530,52442775,Sarah,Harris,True
Tina_Wood@schultz.org,19990824,51264359,Tina,Wood,True
Victor_Owens@collins.com,19960815,53064383,Victor,Owens,True
Kimberly_Koch@rodriguez.net,19870125,35893839,Kimberly,Koch,True
Allison_Obrien@bailey-sanders.com,19620423,81154631,Allison,Obrien,True
John_Rogers@oneill.com,19710905,21046575,John,Rogers,True
Janet_Collins@farrell.com,19840721,89424095,Janet,Collins,True
Kathy_White@wang.info,20000615,91622367,Kathy,White,True
Trevor_Brown@stokes.info,19691030,45715591,Trevor,Brown,True
Brandon_Murphy@luna.info,19550409,33155895,Brandon,Murphy,True
Kristin_Lawson@salinas.com,19760111,36661711,Kristin,Lawson,True
James_Castaneda@miller-hart.com,19640126,64715807,James,Castaneda,True
Robert_Ortiz@saunders-hunter.com,19761108,80296223,Robert,Ortiz,True
Doris_Meyer@sullivan.org,19720902,22782935,Doris,Meyer,True
Connie_Harper@lewis.com,19950627,21369119,Connie,Harper,True
Tyler_Parker@sheppard.org,19541202,29910975,Tyler,Parker,True
Debbie_Burns@salinas.com,19830806,95570935,Debbie,Burns,True
Kyle_Morales@perry.info,19991113,32120287,Kyle,Morales,True
Gabriel_Preston@black.com,19961120,88336263,Gabriel,Preston,True
Megan_Sullivan@miller-ryan.org,19550223,31498887,Megan,Sullivan,True
Brandon_Orozco@greene.com,19870717,59988495,Brandon,Orozco,True
Kari_Nguyen@farley.com,19991119,47980591,Kari,Nguyen,True
Joshua_Ellis@gonzalez.biz,19960226,26531367,Joshua,Ellis,True
Briana_Vega@potter-gomez.biz,19650828,45994079,Briana,Vega,True
Brittany_Hill@rogers-hoffman.com,19870605,90817791,Brittany,Hill,True
Carrie_Martinez@hendrix.com,19740124,96107743,Carrie,Martinez,True
Jessica_Clark@livingston.biz,19821217,56001455,Jessica,Clark,True
Linda_White@moore.com,19751015,84876711,Linda,White,True
Jake_Spencer@murphy.com,20020509,53533879,Jake,Spencer,True
Joseph_Chan@hutchinson-gutierrez.com,19660922,19544079,Joseph,Chan,True
Gabriel_Short@fitzgerald-atkinson.org,19860901,93491919,Gabriel,Short,True
Kathleen_Ali@horn-rogers.com,19960602,45338687,Kathleen,Ali,True
Danielle_Stephens@miller.net,19610929,16838823,Danielle,Stephens,True
Steve_Ellis@barton.info,19651213,55567535,Steve,Ellis,True
Sarah_Rios@winters.org,19691223,77288975,Sarah,Rios,True
Brianna_Schaefer@nelson-mcmahon.com,19761203,34700887,Brianna,Schaefer,True
Gwendolyn_Lane@higgins.biz,19550928,82893815,Gwendolyn,Lane,True
Angela_Morris@murray.com,19760702,89409391,Angela,Morris,True
Christopher_Smith@martinez-bradley.biz,19720128,45772799,Christopher,Smith,True
Andre_West@herrera-rowe.biz,19571117,11479343,Andre,West,True
Jessica_Smith@walsh-steele.com,19510531,97984639,Jessica,Smith,True
Michael_Hall@johnson.biz,19570616,41115111,Michael,Hall,True
Brenda_Long@carter.net,19510914,45992583,Brenda,Long,True
Megan_Taylor@montgomery.com,19930510,12610975,Megan,Taylor,True
Kelly_Morales@sanchez.com,19800227,44799815,Kelly,Morales,True
Sheri_Johnson@lucas.com,19880422,34118127,Sheri,Johnson,True
Joshua_Brown@smith.biz,19621212,90875247,Joshua,Brown,True
Lori_Pacheco@ayala.com,19620630,94662495,Lori,Pacheco,True
Sandra_Schmidt@herrera.com,19590711,50638143,Sandra,Schmidt,True
Rachel_Hill@gutierrez.com,19541202,55824367,Rachel,Hill,True
George_Clark@hardin.biz,19650625,92490103,George,Clark,True
Emily_Case@lewis.com,19850508,90216215,Emily,Case,True
Seth_Alvarez@conrad.com,19800108,90929927,Seth,Alvarez,True
Jose_Reyes@garcia.com,19700929,94563263,Jose,Reyes,True
Corey_Russo@ramirez-williams.org,19560501,61159511,Corey,Russo,True
Zachary_Le@whitaker.com,19851028,56441999,Zachary,Le,True
Rhonda_Anthony@lawson.com,19740915,12850551,Rhonda,Anthony,True
Joseph_Hill@rodriguez-newton.com,20020923,89902687,Joseph,Hill,True
Erin_Davis@sanchez.net,19600917,22992863,Erin,Davis,True
Lucas_Brown@miller.com,19891101,34675679,Lucas,Brown,True
William_Garcia@powell.com,19850912,25729991,William,Garcia,True
Anthony_Mills@chang.org,19831003,16676751,Anthony,Mills,True
Lauren_Swanson@pena-pierce.com,19610921,85204407,Lauren,Swanson,True
John_Frank@martin.com,19500519,42691023,John,Frank,True
Nicole_Schmidt@stephens.com,19651109,86157423,Nicole,Schmidt,True
Nathan_Gray@scott-gonzalez.com,19960618,48983767,Nathan,Gray,True
Nichole_Delgado@dixon-cruz.com,19720305,60338223,Nichole,Delgado,True
Jessica_Hawkins@cooper-hall.org,19711224,98100079,Jessica,Hawkins,True
Marcus_Rodriguez@jones.com,19690511,23424599,Marcus,Rodriguez,True
Sarah_Reed@lane.biz,19960709,26466911,Sarah,Reed,True
Samuel_Solomon@wolf.net,19871230,26166751,Samuel,Solomon,True
Katrina_Miller@grimes.com,19540308,81240247,Katrina,Miller,True
Raymond_Conner@oneal-johnson.com,19970128,95736583,Raymond,Conner,True
Lori_Fuller@gordon.com,19680101,54288255,Lori,Fuller,True
Corey_Wilson@hoover-hernandez.com,19531011,39467535,Corey,Wilson,True
Holly_James@macdonald.com,19641104,62732175,Holly,James,True
Alicia_Mccarty@beasley.com,19820916,57669519,Alicia,Mccarty,True
Ryan_Guzman@walker-hudson.biz,19621016,79930919,Ryan,Guzman,True
Zoe_Christian@grant.com,19990319,22170983,Zoe,Christian,True
Nicholas_Watson@williams.com,19620403,72181751,Nicholas,Watson,True
Victoria_Wood@proctor-baker.com,19910622,13955959,Victoria,Wood,True
Jillian_Knight@davenport.com,19881108,20417711,Jillian,Knight,True
Ryan_Fisher@fletcher.com,19871030,63505855,Ryan,Fisher,True
Stephanie_Howe@allen.com,19630905,37283343,Stephanie,Howe,True
Kenneth_Kim@duran.com,19990505,37818767,Kenneth,Kim,True
Andrew_Macias@douglas.com,19661013,28232535,Andrew,Macias,True
Elizabeth_Huffman@zamora.com,19580918,15486151,Elizabeth,Huffman,True
Christina_Stone@medina.com,19930320,34449775,Christina,Stone,True
Martin_Garza@morris.info,19741221,28343727,Martin,Garza,True
Alexander_Merritt@butler.net,19800913,33574735,Alexander,Merritt,True
Mackenzie_Anderson@welch.biz,19790522,34401951,Mackenzie,Anderson,True
Kelly_Sanders@coleman.com,19520413,29703695,Kelly,Sanders,True
Matthew_Jones@arnold.com,20000615,98616991,Matthew,Jones,True
Sarah_David@collier.net,19981216,97218247,Sarah,David,True
Carmen_Barajas@smith.com,19810526,34685455,Carmen,Barajas,True
Angela_Johnson@stewart.com,19840827,62439103,Angela,Johnson,True
Melissa_Sparks@sanchez-stevenson.com,19930802,27530863,Melissa,Sparks,True
Elizabeth_Barrera@gibbs.biz,20000816,15349719,Elizabeth,Barrera,True
Katherine_Hill@tran.com,19830918,37709951,Katherine,Hill,True
Kristin_Hart@ortega.com,19661217,36255543,Kristin,Hart,True
Jacqueline_Ho@henry.com,19610131,75359367,Jacqueline,Ho,True
Michael_Knight@davidson.com,19870408,71412263,Michael,Knight,True
Heather_Arroyo@martinez.com,19790709,36165719,Heather,Arroyo,True
Lori_Larson@flowers.com,19630807,38397103,Lori,Larson,True
David_Vazquez@davila-beck.com,19900612,57160871,David,Vazquez,True
Amber_Mathis@jensen-jensen.info,19680426,41337495,Amber,Mathis,True
Jessica_Knight@mcdowell-jones.info,19680528,21071591,Jessica,Knight,True
Jessica_Chavez@oliver.info,19950325,68367639,Jessica,Chavez,True
Grace_Phillips@foley-davis.info,19690531,71945055,Grace,Phillips,True
Sherry_Hicks@stout-nicholson.com,19611127,12514111,Sherry,Hicks,True
Jeffrey_Dennis@simmons.org,19841102,25874695,Jeffrey,Dennis,True
Sarah_Davila@nash.com,19790906,46685303,Sarah,Davila,True
Karen_Oneill@gomez.com,19921004,72265879,Karen,Oneill,True
Katie_Gilmore@lopez.biz,19871019,83937223,Katie,Gilmore,True
Nicholas_Mills@williams.com,19631001,68844231,Nicholas,Mills,True
Jennifer_Montgomery@estrada-cole.com,19710715,53834071,Jennifer,Montgomery,True
Cynthia_Bailey@oneill.com,19790825,48942719,Cynthia,Bailey,True
John_Wright@harris.com,19831019,96650335,John,Wright,True
Sheila_Brown@stevens-edwards.com,19821128,32490999,Sheila,Brown,True
Ashley_Johnson@duarte.info,19860627,40141375,Ashley,Johnson,True
Lisa_Moore@ramos.com,19941119,99493567,Lisa,Moore,True
Luis_Brown@medina.org,19540924,86879631,Luis,Brown,True
Julian_Newman@haynes.com,19580313,49873159,Julian,Newman,True
Thomas_Ferguson@guzman.com,19591213,28787319,Thomas,Ferguson,True
Lauren_Rodriguez@soto.com,19931016,27106623,Lauren,Rodriguez,True
Richard_Anderson@white.com,19580607,66751511,Richard,Anderson,True
Jessica_Lee@brown-baxter.com,19670124,89410823,Jessica,Lee,True
Desiree_Pham@gomez.org,19980918,21659871,Desiree,Pham,True
Martin_Allen@steele.com,20020924,99969439,Martin,Allen,True
Angela_Mitchell@moreno-evans.com,19690105,50190223,Angela,Mitchell,True
Derrick_Sanchez@mitchell.com,19700424,97980535,Derrick,Sanchez,True
Angela_Ruiz@ramirez.org,19980922,32048807,Angela,Ruiz,True
David_Weaver@eaton.org,19920527,13469943,David,Weaver,True
Bryan_Lewis@guerrero-harris.org,19660307,41243367,Bryan,Lewis,True
Christine_Ellis@blackwell.com,19980617,69393823,Christine,Ellis,True
Amanda_Rodriguez@wagner.org,19670215,45111815,Amanda,Rodriguez,True
Alyssa_Salinas@robbins.com,19980710,41363847,Alyssa,Salinas,True
Destiny_Morris@morris.biz,20020424,34213111,Destiny,Morris,True
Antonio_Baker@adams-harrison.biz,19590605,61275895,Antonio,Baker,True
Kevin_Walsh@hamilton.net,19920805,63251375,Kevin,Walsh,True
Kenneth_Knox@zamora.com,19990626,47904991,Kenneth,Knox,True
Steve_Mitchell@adkins-russell.com,19751027,98789479,Steve,Mitchell,True
Craig_Hendricks@garcia-higgins.com,19951018,51721063,Craig,Hendricks,True
Ricky_Kerr@gonzalez-martinez.com,19510625,43238807,Ricky,Kerr,True
Gloria_Aguilar@dorsey-donaldson.com,19690606,69773231,Gloria,Aguilar,True
Jon_Mcmillan@mcmahon-taylor.biz,19920104,15207695,Jon,Mcmillan,True
Alexander_Knight@doyle.com,19740812,41639975,Alexander,Knight,True
Joseph_Cross@mason-shaw.net,19530126,35750023,Joseph,Cross,True
Joel_Myers@smith-willis.net,19720920,49665991,Joel,Myers,True
Reginald_Wheeler@brown.biz,19870122,29179575,Reginald,Wheeler,True
Michael_Mckee@gordon.com,20000917,87409327,Michael,Mckee,True
Elizabeth_Richard@stewart.biz,19901002,70199975,Elizabeth,Richard,True
Roy_Park@rodriguez-west.com,19551029,69451423,Roy,Park,True
Lisa_Smith@black.info,19580819,99884935,Lisa,Smith,True
Walter_Wiggins@chen-morris.org,19790522,12487311,Walter,Wiggins,True
Jonathan_Castro@sandoval.com,19700409,95059239,Jonathan,Castro,True
Richard_Carroll@massey-gardner.com,19610526,61422551,Richard,Carroll,True
Ashley_Wright@callahan-dixon.info,19810823,27446295,Ashley,Wright,True
Michelle_Fletcher@anderson.com,19831024,15665159,Michelle,Fletcher,True
Ashley_Morris@aguilar-wood.biz,19750329,17176967,Ashley,Morris,True
Carol_Murphy@lowe.com,19640317,54241135,Carol,Murphy,True
Michael_Russell@orozco.com,19680308,24280095,Michael,Russell,True
Shawna_Andrews@freeman.com,19981115,12022295,Shawna,Andrews,True
Veronica_Obrien@oneill.biz,20001128,46421095,Veronica,Obrien,True
Dana_Hernandez@jackson.com,19940126,50236391,Dana,Hernandez,True
Amanda_Bernard@gilmore.info,19860211,52780943,Amanda,Bernard,True
Lauren_Harris@long.com,19780811,42605007,Lauren,Harris,True
Sean_Morales@molina.com,20030920,50605207,Sean,Morales,True
John_Mendoza@mahoney.com,19850519,85845135,John,Mendoza,True
Robert_Johnson@mathis.org,19571114,59478743,Robert,Johnson,True
Arthur_Hogan@brown.biz,19820315,80309015,Arthur,Hogan,True
Sierra_Mcdaniel@mata.com,20030713,77274903,Sierra,Mcdaniel,True
Wendy_Smith@smith-webb.com,19700128,60349279,Wendy,Smith,True
Leslie_Diaz@thomas-shelton.com,19570430,57506727,Leslie,Diaz,True
Grant_Snyder@gonzales.com,19731031,23872143,Grant,Snyder,True
Brandi_Jenkins@miller.com,19651228,79308567,Brandi,Jenkins,True
Amy_Haynes@levy.com,19600314,41563455,Amy,Haynes,True
John_Roberts@hendricks.com,19540315,16513279,John,Roberts,True
Gary_Ryan@wright-yu.org,19961010,78108759,Gary,Ryan,True
Carrie_Nelson@archer-murphy.com,19510609,49242255,Carrie,Nelson,True
Jacob_Hood@evans.com,19560208,24204143,Jacob,Hood,True
Tracy_Charles@rowe.com,19931108,62200511,Tracy,Charles,True
Brandon_Johnson@ramirez.com,19851003,60862935,Brandon,Johnson,True
Wendy_Nelson@day.com,19650108,59119063,Wendy,Nelson,True
Melinda_Wang@west.biz,19770906,53607903,Melinda,Wang,True
Jasmine_Ramsey@jackson.com,19500407,16447279,Jasmine,Ramsey,True
William_Beltran@bean.com,19850313,16495975,William,Beltran,True
Gerald_Stuart@strong.net,19950810,98421991,Gerald,Stuart,True
Jacob_Vaughan@martinez.com,19830908,69615007,Jacob,Vaughan,True
Tammy_Thompson@jimenez.org,20020529,13111159,Tammy,Thompson,True
Matthew_Fuentes@miranda.com,19660329,33411447,Matthew,Fuentes,True
April_Carpenter@page.com,19710929,97274415,April,Carpenter,True
Rachel_Garcia@neal.com,19961021,87786127,Rachel,Garcia,True
Patrick_Madden@sanders.com,19941101,35389647,Patrick,Madden,True
Angela_Myers@rodriguez.com,19740126,59457063,Angela,Myers,True
Wayne_Baker@brown.com,19671227,92067207,Wayne,Baker,True
Haley_Cox@lewis.com,19641001,27911351,Haley,Cox,True
Dan_Sanders@klein-hernandez.com,19500813,30043759,Dan,Sanders,True
Jeremy_Butler@allen.biz,20010116,92810031,Jeremy,Butler,True
Thomas_Fisher@phillips.com,19850415,99090999,Thomas,Fisher,True
Taylor_Lopez@jones-salazar.com,19570522,17889439,Taylor,Lopez,True
Jeffrey_Macias@cox.com,19900310,98485783,Jeffrey,Macias,True
Brian_Drake@hurst-price.net,19621102,83466007,Brian,Drake,True
Crystal_Fletcher@lawrence.info,19610115,34430647,Crystal,Fletcher,True
Timothy_Jordan@young.com,19991228,77411263,Timothy,Jordan,True
Kathy_Leblanc@warren-gray.com,19810227,69067343,Kathy,Leblanc,True
William_Floyd@duran.com,19720713,27758191,William,Floyd,True
Angela_Hayden@barry.net,19960623,28574351,Angela,Hayden,True
Renee_Hodges@hamilton.com,19871228,63899519,Renee,Hodges,True
Samantha_Miller@mcmahon.com,19650406,41451647,Samantha,Miller,True
Sandra_Houston@cruz.org,20000211,88159159,Sandra,Houston,True
Nicole_Perry@ford.info,19530822,81236407,Nicole,Perry,True
Daniel_Arnold@kaiser-robinson.info,19971009,88076335,Daniel,Arnold,True
Leslie_Lambert@sutton-aguirre.org,19810604,97188543,Leslie,Lambert,True
Lauren_Orozco@sanchez.com,20000126,71540231,Lauren,Orozco,True
Stacey_Walker@norton.biz,19900129,85917303,Stacey,Walker,True
Julie_Leon@montgomery.biz,19930313,60535175,Julie,Leon,True
Evan_Page@harrison.org,19940808,37848247,Evan,Page,True
April_Owen@sanchez.com,19670923,16552967,April,Owen,True
Evan_Russell@ferguson.net,19590120,75209343,Evan,Russell,True
Edward_Brooks@lane.info,20000404,92929919,Edward,Brooks,True
Brent_Castaneda@garcia.com,19580307,80875871,Brent,Castaneda,True
Gregory_Peters@ray.net,19900902,78256247,Gregory,Peters,True
Matthew_Salazar@jones-jones.com,19991211,50895327,Matthew,Salazar,True
Natasha_Martinez@west.com,19680418,55194439,Natasha,Martinez,True
Charles_Powell@knight.com,19970906,47215879,Charles,Powell,True
Leah_Perez@smith-burns.biz,19750911,34266271,Leah,Perez,True
Brian_Powell@hernandez.com,19591115,67153775,Brian,Powell,True
Laura_Sandoval@brown.com,19860913,17475623,Laura,Sandoval,True
Charles_Gonzalez@navarro.com,19710404,94465511,Charles,Gonzalez,True
Nicholas_Caldwell@hurley-bass.com,19770714,42525999,Nicholas,Caldwell,True
Brian_Wyatt@wright-young.com,19581211,63631399,Brian,Wyatt,True
Ryan_Garcia@vazquez-wells.com,19930815,26856535,Ryan,Garcia,True
Joseph_Bartlett@thompson-espinoza.biz,19820215,99932903,Joseph,Bartlett,True
Megan_Anderson@wilson-murillo.com,19700729,21736903,Megan,Anderson,True
Pamela_Hughes@charles-costa.com,19870613,40181295,Pamela,Hughes,True
Tiffany_Scott@davis.com,19861110,76272207,Tiffany,Scott,True
Stanley_Conway@adams.com,19850905,71853567,Stanley,Conway,True
Yolanda_Petty@dunlap-brown.com,19910125,69674519,Yolanda,Petty,True
James_Lopez@werner.org,19790618,88866567,James,Lopez,True
Kirk_Donaldson@roberts-mills.info,19791230,36131119,Kirk,Donaldson,True
Tara_Jones@blankenship.net,19850303,49275455,Tara,Jones,True
Evan_Pruitt@brown.biz,19590321,55413567,Evan,Pruitt,True
Karen_Shaw@trujillo.info,19750106,81014367,Karen,Shaw,True
George_Williams@patton.com,19810319,69991287,George,Williams,True
Lori_Allen@valdez-phillips.com,20020916,28175727,Lori,Allen,True
Charles_Kelly@dalton.com,19690401,62777351,Charles,Kelly,True
Jonathan_Villa@suarez.com,19751203,80471287,Jonathan,Villa,True
Cindy_Jackson@garcia-burch.com,19670727,60954247,Cindy,Jackson,True
Scott_Williams@keller-wong.com,19800308,85799255,Scott,Williams,True
Dylan_Hernandez@singleton-johnson.com,19950301,31405951,Dylan,Hernandez,True
John_Vazquez@rivera.biz,19620306,73810151,John,Vazquez,True
Michele_Jones@leach-taylor.org,19910319,18146159,Michele,Jones,True
Michelle_Garcia@lynch.com,19801017,52895823,Michelle,Garcia,True
Matthew_Bailey@benjamin.com,19870728,39436023,Matthew,Bailey,True
Curtis_Flynn@cook-drake.com,19780926,58787463,Curtis,Flynn,True
Thomas_Perez@greene-lopez.com,19630220,96377439,Thomas,Perez,True
Sheri_Kline@hinton.com,19940609,33546343,Sheri,Kline,True
Jeff_Baker@bentley.com,19670424,57871767,Jeff,Baker,True
Robert_Johnson@burnett.org,19520518,42600607,Robert,Johnson,True
Shannon_Thomas@dawson-alexander.com,19680903,18892279,Shannon,Thomas,True
Jeffrey_Murray@jones.net,19821221,27473887,Jeffrey,Murray,True
Eric_Hoffman@lang.info,19750425,99871415,Eric,Hoffman,True
Kristin_Wagner@clayton.com,19970129,66045343,Kristin,Wagner,True
Jessica_Dixon@clark.org,19660816,76336767,Jessica,Dixon,True
David_Burton@glover-willis.org,19700402,19798095,David,Burton,True
Nicole_Shea@mcclure.com,19560102,28795599,Nicole,Shea,True
Alexander_Hamilton@allen-gillespie.org,19641104,28127271,Alexander,Hamilton,True
